logical_id,naptan_tube,station_name,name_key,fare_zone,lift_count,step_free_platform_count,accessible_toilet_count,accessibility_type,ramp_platform_count,mean_gap_mm,crowding_peak,crowding_evening,has_planned_closure,has_live_lift_issue,predicted_temp_c,pac_score
940GZZLUACT,940GZZLUACT,Acton Town Underground Station,acton town,3,2.0,0.0,1.0,2.0,6.0,118.0,0.3016666666666667,0.2586666666666666,0,0,27.1,
940GZZLUADE,940GZZLUADE,Aldgate East Underground Station,aldgate east,1,0.0,0.0,0.0,1.0,2.0,44.8,0.382,0.497,0,0,25.2,
940GZZLUALD,940GZZLUALD,Aldgate Underground Station,aldgate,1,0.0,0.0,0.0,0.0,0.0,,0.1563333333333333,0.2135,0,0,25.2,
940GZZLUALP,940GZZLUALP,Alperton Underground Station,alperton,4,0.0,0.0,0.0,0.0,0.0,,0.092,0.0848333333333333,0,0,27.1,
HUBAMR,940GZZLUAMS,Amersham Underground Station,amersham,9,2.0,3.0,0.0,3.0,0.0,42.5,0.1918333333333333,0.1198333333333333,0,0,25.2,
940GZZLUAGL,940GZZLUAGL,Angel Underground Station,angel,1,0.0,0.0,0.0,0.0,0.0,,0.2895,0.3899999999999999,0,0,27.9,
940GZZLUACY,940GZZLUACY,Archway Underground Station,archway,2+3,0.0,0.0,0.0,0.0,0.0,,0.3431666666666667,0.3163333333333333,0,0,27.9,
940GZZLUASG,940GZZLUASG,Arnos Grove Underground Station,arnos grove,4,0.0,0.0,0.0,0.0,0.0,,0.1526666666666666,0.1496666666666666,0,0,27.1,
940GZZLUASL,940GZZLUASL,Arsenal Underground Station,arsenal,2,0.0,0.0,0.0,0.0,0.0,,0.0,0.0,0,0,27.1,
940GZZLUBST,940GZZLUBST,Baker Street Underground Station,baker street,1,0.0,2.0,0.0,3.0,1.0,42.0,0.4326666666666667,0.4731666666666667,0,0,30.0,
HUBBAL,940GZZLUBLM,Balham Underground Station,balham,3,1.0,0.0,0.0,2.0,0.0,,0.3878333333333333,0.3206666666666666,0,0,27.9,
HUBBAN,940GZZLUBNK,Bank Underground Station,bank,1,10.0,2.0,1.0,3.0,2.0,42.5,0.3891666666666667,0.3805,0,0,30.1,
940GZZLUBBN,940GZZLUBBN,Barbican Underground Station,barbican,1,2.0,3.0,0.0,3.0,0.0,42.5,0.4106666666666667,0.5225000000000001,0,0,25.2,
HUBBKG,940GZZLUBKG,Barking Underground Station,barking,4,1.0,0.0,1.0,2.0,0.0,42.5,0.4121666666666667,0.3168333333333333,0,0,25.2,
940GZZLUBKE,940GZZLUBKE,Barkingside Underground Station,barkingside,4,0.0,0.0,0.0,1.0,1.0,213.0,0.1911666666666666,0.1246666666666666,0,0,30.1,
940GZZLUBSC,940GZZLUBSC,Barons Court Underground Station,barons court,2,0.0,0.0,0.0,0.0,0.0,40.0,0.2823333333333334,0.287,0,0,27.1,
940GZZBPSUST,940GZZBPSUST,Battersea Power Station Underground Station,battersea power,1,,,,,,,0.1146666666666666,0.145,0,0,27.9,
940GZZLUBWT,940GZZLUBWT,Bayswater Underground Station,bayswater,1,0.0,0.0,0.0,0.0,0.0,,0.2175,0.2666666666666666,0,0,25.2,
940GZZLUBEC,940GZZLUBEC,Becontree Underground Station,becontree,5,0.0,0.0,0.0,0.0,0.0,,0.2458333333333333,0.185,0,0,25.2,
940GZZLUBZP,940GZZLUBZP,Belsize Park Underground Station,belsize park,2,0.0,0.0,0.0,0.0,0.0,,0.0338333333333333,0.0271666666666666,0,0,27.9,
940GZZLUBMY,940GZZLUBMY,Bermondsey Underground Station,bermondsey,2,1.0,0.0,0.0,2.0,0.0,42.5,0.3238333333333333,0.3328333333333333,0,0,25.9,
940GZZLUBLG,940GZZLUBLG,Bethnal Green Underground Station,bethnal green,2,0.0,0.0,0.0,0.0,0.0,,0.3763333333333333,0.3994999999999999,0,0,30.1,
HUBBFR,940GZZLUBKF,Blackfriars Underground Station,blackfriars,1,6.0,0.0,1.0,2.0,0.0,42.5,0.385,0.411,0,0,25.2,
HUBBHO,940GZZLUBLR,Blackhorse Road Underground Station,blackhorse road,3,2.0,0.0,0.0,2.0,0.0,,0.4721666666666667,0.4006666666666666,0,0,30.0,
HUBBDS,940GZZLUBND,Bond Street Underground Station,bond street,1,6.0,1.0,0.0,3.0,3.0,42.5,0.3308333333333333,0.4188333333333333,0,0,30.1,
940GZZLUBOR,940GZZLUBOR,Borough Underground Station,borough,1,2.0,1.0,0.0,3.0,0.0,42.5,0.4831666666666666,0.4738333333333333,0,0,27.9,
940GZZLUBOS,940GZZLUBOS,Boston Manor Underground Station,boston manor,4,0.0,0.0,0.0,0.0,0.0,,0.041,0.0318333333333333,0,0,27.1,
940GZZLUBDS,940GZZLUBDS,Bounds Green Underground Station,bounds green,3+4,0.0,0.0,0.0,0.0,0.0,,0.2918333333333333,0.274,0,0,27.1,
940GZZLUBWR,940GZZLUBWR,Bow Road Underground Station,bow road,2,0.0,0.0,0.0,0.0,0.0,,0.2823333333333334,0.308,0,0,25.2,
940GZZLUBTX,940GZZLUBTX,Brent Cross Underground Station,brent cross,3,0.0,0.0,0.0,0.0,0.0,,0.112,0.091,0,0,27.9,
HUBBRX,940GZZLUBXN,Brixton Underground Station,brixton,2,2.0,2.0,0.0,3.0,0.0,42.5,0.2791666666666667,0.2126666666666666,0,0,30.0,
940GZZLUBBB,940GZZLUBBB,Bromley-by-Bow Underground Station,bromley by bow,2/3,2.0,0.0,0.0,2.0,4.0,,0.2946666666666667,0.3031666666666667,0,0,25.2,
940GZZLUBKH,940GZZLUBKH,Buckhurst Hill Underground Station,buckhurst hill,5,0.0,0.0,0.0,1.0,2.0,,0.2166666666666666,0.1385,0,0,30.1,
940GZZLUBTK,940GZZLUBTK,Burnt Oak Underground Station,burnt oak,4,0.0,0.0,0.0,0.0,0.0,,0.1846666666666666,0.1336666666666666,0,0,27.9,
940GZZLUCAR,940GZZLUCAR,Caledonian Road Underground Station,caledonian road,2,2.0,2.0,0.0,3.0,0.0,42.5,0.0,0.0,0,0,27.1,
940GZZLUCTN,940GZZLUCTN,Camden Town Underground Station,camden town,2,0.0,2.0,0.0,3.0,0.0,42.5,0.2438333333333333,0.3451666666666667,0,0,27.9,
HUBZCW,940GZZLUCWR,Canada Water Underground Station,canada water,2,3.0,0.0,0.0,2.0,0.0,42.5,0.3091666666666667,0.3425,0,0,25.9,
HUBCAW,940GZZLUCYF,Canary Wharf Underground Station,canary wharf,2,10.0,0.0,1.0,2.0,0.0,42.5,0.4468333333333333,0.5333333333333333,0,0,25.9,
HUBCAN,940GZZLUCGT,Canning Town Underground Station,canning town,2/3,4.0,0.0,0.0,2.0,0.0,42.5,0.0,0.0,0,0,25.9,
HUBCST,940GZZLUCST,Cannon Street Underground Station,cannon street,1,2.0,0.0,1.0,2.0,2.0,47.5,0.3476666666666667,0.4158333333333333,0,0,25.2,
940GZZLUCPK,940GZZLUCPK,Canons Park Underground Station,canons park,5,0.0,0.0,1.0,0.0,0.0,,0.0893333333333333,0.078,0,0,25.9,
HUBCFO,940GZZLUCAL,Chalfont & Latimer Underground Station,chalfont & latimer,8,0.0,2.0,0.0,3.0,2.0,,0.1318333333333333,0.112,0,0,25.2,
940GZZLUCFM,940GZZLUCFM,Chalk Farm Underground Station,chalk farm,2,0.0,0.0,0.0,0.0,0.0,,0.2041666666666666,0.1806666666666666,0,0,27.9,
940GZZLUCHL,940GZZLUCHL,Chancery Lane Underground Station,chancery lane,1,0.0,0.0,0.0,0.0,0.0,,0.1871666666666666,0.2391666666666666,0,0,30.1,
HUBCHX,940GZZLUCHX,Charing Cross Underground Station,charing cross,1,0.0,0.0,1.0,0.0,0.0,,0.0416666666666666,0.0508333333333333,0,0,30.0,
940GZZLUCSM,940GZZLUCSM,Chesham Underground Station,chesham,9,0.0,0.0,0.0,1.0,1.0,,0.0173333333333333,0.0091666666666666,0,0,25.2,
940GZZLUCWL,940GZZLUCWL,Chigwell Underground Station,chigwell,4,0.0,0.0,0.0,0.0,0.0,,0.035,0.0191666666666666,0,0,30.1,
940GZZLUCWP,940GZZLUCWP,Chiswick Park Underground Station,chiswick park,3,0.0,0.0,0.0,0.0,0.0,,0.0403333333333333,0.0388333333333333,0,0,25.2,
HUBCLW,940GZZLUCYD,Chorleywood Underground Station,chorleywood,7,0.0,2.0,0.0,3.0,2.0,,0.1583333333333333,0.1018333333333333,0,0,25.2,
940GZZLUCPC,940GZZLUCPC,Clapham Common Underground Station,clapham common,2,0.0,0.0,0.0,0.0,0.0,,0.0358333333333333,0.0331666666666666,0,0,27.9,
940GZZLUCPN,940GZZLUCPN,Clapham North Underground Station,clapham north,2,0.0,0.0,0.0,0.0,0.0,,0.0371666666666666,0.0278333333333333,0,0,27.9,
940GZZLUCPS,940GZZLUCPS,Clapham South Underground Station,clapham south,2+3,0.0,0.0,0.0,0.0,0.0,,0.073,0.0466666666666666,0,0,27.9,
940GZZLUCKS,940GZZLUCKS,Cockfosters Underground Station,cockfosters,5,1.0,0.0,0.0,2.0,4.0,,0.1303333333333333,0.1203333333333333,0,0,27.1,
940GZZLUCND,940GZZLUCND,Colindale Underground Station,colindale,4,1.0,2.0,0.0,3.0,0.0,42.5,0.0,0.0,0,0,27.9,
940GZZLUCSD,940GZZLUCSD,Colliers Wood Underground Station,colliers wood,3,0.0,0.0,0.0,0.0,0.0,,0.1785,0.1243333333333333,0,0,27.9,
940GZZLUCGN,940GZZLUCGN,Covent Garden Underground Station,covent garden,1,0.0,0.0,0.0,0.0,0.0,,0.147,0.3021666666666666,0,0,27.1,
940GZZLUCXY,940GZZLUCXY,Croxley Underground Station,croxley,7,0.0,0.0,0.0,0.0,0.0,,0.0313333333333333,0.0143333333333333,0,0,25.2,
940GZZLUDGE,940GZZLUDGE,Dagenham East Underground Station,dagenham east,5,0.0,0.0,0.0,0.0,0.0,,0.2176666666666666,0.1688333333333333,0,0,25.2,
940GZZLUDGY,940GZZLUDGY,Dagenham Heathway Underground Station,dagenham heathway,5,0.0,0.0,1.0,0.0,0.0,42.5,0.0365,0.0193333333333333,0,0,25.2,
940GZZLUDBN,940GZZLUDBN,Debden Underground Station,debden,6,2.0,0.0,0.0,2.0,2.0,86.5,0.1853333333333333,0.1171666666666666,0,0,30.1,
940GZZLUDOH,940GZZLUDOH,Dollis Hill Underground Station,dollis hill,3,0.0,0.0,1.0,0.0,0.0,,0.2396666666666666,0.2226666666666666,0,0,25.9,
HUBEAL,940GZZLUEBY,Ealing Broadway Underground Station,ealing broadway,3,4.0,3.0,1.0,3.0,2.0,67.5,0.0388333333333333,0.0313333333333333,0,0,30.1,
940GZZLUECM,940GZZLUECM,Ealing Common Underground Station,ealing common,3,0.0,0.0,0.0,1.0,3.0,71.0,0.1328333333333333,0.1225,0,0,27.1,
940GZZLUECT,940GZZLUECT,Earl's Court Underground Station,earl's court,1+2,4.0,6.0,0.0,3.0,0.0,42.5,0.0905,0.101,0,0,27.1,
940GZZLUEAN,940GZZLUEAN,East Acton Underground Station,east acton,2,0.0,0.0,0.0,0.0,0.0,,0.2211666666666666,0.213,0,0,30.1,
940GZZLUEFY,940GZZLUEFY,East Finchley Underground Station,east finchley,3,0.0,0.0,0.0,0.0,0.0,,0.2615,0.206,0,0,27.9,
940GZZLUEHM,940GZZLUEHM,East Ham Underground Station,east ham,3+4,2.0,4.0,0.0,3.0,0.0,42.5,0.3098333333333333,0.319,0,0,25.2,
940GZZLUEPY,940GZZLUEPY,East Putney Underground Station,east putney,2+3,0.0,0.0,0.0,0.0,0.0,,0.185,0.1158333333333333,0,0,25.2,
940GZZLUEAE,940GZZLUEAE,Eastcote Underground Station,eastcote,5,0.0,0.0,0.0,0.0,0.0,,0.1696666666666666,0.093,0,0,27.1,
940GZZLUERB,940GZZLUERB,Edgware Road (Bakerloo) Underground Station,edgware road bakerloo,1,0.0,0.0,0.0,0.0,0.0,,0.2088333333333333,0.2573333333333333,0,0,30.0,
940GZZLUERC,940GZZLUERC,Edgware Road (Circle Line) Underground Station,edgware road circle line,1,0.0,0.0,0.0,1.0,4.0,77.2,0.3511666666666667,0.4585,0,0,25.2,
940GZZLUEGW,940GZZLUEGW,Edgware Underground Station,edgware,5,2.0,3.0,0.0,3.0,0.0,42.5,0.22,0.1436666666666667,0,0,27.9,
HUBEPH,940GZZLUEAC,Elephant & Castle Underground Station,elephant & castle,1+2,2.0,1.0,0.0,3.0,0.0,42.5,0.4128333333333333,0.4763333333333333,0,0,30.0,
940GZZLUEPK,940GZZLUEPK,Elm Park Underground Station,elm park,6,0.0,2.0,1.0,3.0,0.0,42.5,0.0575,0.023,0,0,25.2,
940GZZLUEMB,940GZZLUEMB,Embankment Underground Station,embankment,1,0.0,0.0,0.0,0.0,0.0,,0.374,0.4886666666666667,0,0,30.0,
940GZZLUEPG,940GZZLUEPG,Epping Underground Station,epping,6,0.0,0.0,1.0,1.0,2.0,106.0,0.1176666666666666,0.0823333333333333,0,0,30.1,
940GZZLUESQ,940GZZLUESQ,Euston Square Underground Station,euston square,1,2.0,3.0,0.0,3.0,0.0,42.5,0.0431666666666666,0.0475,0,0,25.2,
HUBEUS,940GZZLUEUS,Euston Underground Station,euston,1,0.0,4.0,1.0,3.0,0.0,42.5,0.0643333333333333,0.068,0,0,30.0,
940GZZLUFLP,940GZZLUFLP,Fairlop Underground Station,fairlop,4,0.0,0.0,0.0,0.0,0.0,,0.1306666666666666,0.0808333333333333,0,0,30.1,
HUBZFD,940GZZLUFCN,Farringdon Underground Station,farringdon,1,8.0,0.0,2.0,2.0,6.0,53.5,0.4896666666666666,0.6138333333333333,0,0,25.2,
940GZZLUFYC,940GZZLUFYC,Finchley Central Underground Station,finchley central,4,2.0,3.0,1.0,3.0,0.0,42.5,0.2428333333333333,0.1916666666666666,0,0,27.9,
940GZZLUFYR,940GZZLUFYR,Finchley Road Underground Station,finchley road,2,0.0,0.0,2.0,1.0,3.0,91.8,0.0483333333333333,0.0551666666666666,0,0,25.9,
HUBFPK,940GZZLUFPK,Finsbury Park Underground Station,finsbury park,2,5.0,4.0,0.0,3.0,0.0,42.5,0.3193333333333333,0.3393333333333333,0,0,30.0,
940GZZLUFBY,940GZZLUFBY,Fulham Broadway Underground Station,fulham broadway,2,2.0,0.0,0.0,2.0,0.0,42.5,0.1361666666666666,0.1561666666666666,0,0,25.2,
940GZZLUGTH,940GZZLUGTH,Gants Hill Underground Station,gants hill,4,0.0,0.0,0.0,0.0,0.0,,0.3591666666666667,0.2766666666666666,0,0,30.1,
940GZZLUGTR,940GZZLUGTR,Gloucester Road Underground Station,gloucester road,1,0.0,0.0,0.0,0.0,0.0,,0.043,0.0506666666666666,0,0,27.1,
940GZZLUGGN,940GZZLUGGN,Golders Green Underground Station,golders green,3,2.0,0.0,0.0,2.0,5.0,32.6,0.33,0.3321666666666666,0,0,27.9,
940GZZLUGHK,940GZZLUGHK,Goldhawk Road Underground Station,goldhawk road,2,0.0,0.0,0.0,0.0,0.0,,0.2261666666666666,0.208,0,0,25.2,
940GZZLUGDG,940GZZLUGDG,Goodge Street Underground Station,goodge street,1,0.0,0.0,0.0,0.0,0.0,,0.2515,0.2975,0,0,27.9,
940GZZLUGGH,940GZZLUGGH,Grange Hill Underground Station,grange hill,4,0.0,0.0,0.0,0.0,0.0,,0.0153333333333333,0.003,0,0,30.1,
940GZZLUGPS,940GZZLUGPS,Great Portland Street Underground Station,great portland street,1,0.0,0.0,0.0,0.0,0.0,,0.3671666666666667,0.3861666666666667,0,0,25.2,
940GZZLUGPK,940GZZLUGPK,Green Park Underground Station,green park,1,5.0,6.0,0.0,3.0,0.0,42.5,0.4831666666666666,0.5781666666666666,0,0,30.0,
HUBGFD,940GZZLUGFD,Greenford Underground Station,greenford,4,1.0,0.0,0.0,2.0,2.0,65.8,0.237,0.1966666666666666,0,0,30.1,
HUBGUN,940GZZLUGBY,Gunnersbury Underground Station,gunnersbury,3,0.0,0.0,0.0,1.0,2.0,67.5,0.046,0.0481666666666666,0,0,25.2,
940GZZLUHLT,940GZZLUHLT,Hainault Underground Station,hainault,4,3.0,0.0,1.0,2.0,3.0,93.8,0.1563333333333333,0.0891666666666666,0,0,30.1,
HUBHMS,940GZZLUHSD,Hammersmith (Dist&Picc Line) Underground Station,hammersmith dist&picc line,2,2.0,4.0,0.0,3.0,0.0,47.8,0.22075,0.2643333333333333,0,0,27.1,
HUBHMS,940GZZLUHSC,Hammersmith (H&C Line) Underground Station,hammersmith h&c line,2,2.0,6.0,0.0,3.0,0.0,42.5,0.22075,0.2643333333333333,0,0,25.2,
940GZZLUHTD,940GZZLUHTD,Hampstead Underground Station,hampstead,2+3,0.0,0.0,0.0,0.0,0.0,,0.2603333333333333,0.2548333333333333,0,0,27.9,
940GZZLUHGR,940GZZLUHGR,Hanger Lane Underground Station,hanger lane,3,0.0,0.0,0.0,0.0,0.0,,0.0398333333333333,0.0285,0,0,30.1,
HUBHDN,940GZZLUHSN,Harlesden Underground Station,harlesden,3,0.0,0.0,0.0,0.0,0.0,,0.1995,0.1951666666666666,0,0,30.0,
HUBHRW,940GZZLUHAW,Harrow & Wealdstone Underground Station,harrow & wealdstone,5,4.0,0.0,0.0,2.0,2.0,30.0,0.2345,0.2138333333333333,0,0,30.0,
HUBHOH,940GZZLUHOH,Harrow-on-the-Hill Underground Station,harrow on the hill,5,4.0,5.0,0.0,3.0,0.0,42.5,0.2436666666666666,0.2476666666666666,0,0,25.2,
940GZZLUHNX,940GZZLUHNX,Hatton Cross Underground Station,hatton cross,5+6,0.0,0.0,0.0,0.0,0.0,,0.3045,0.2968333333333333,0,0,27.1,
HUBHX4,940GZZLUHR4,Heathrow Terminal 4 Underground Station,heathrow terminal 4,6,2.0,1.0,1.0,3.0,0.0,42.5,0.0518333333333333,0.064,0,0,27.1,
HUBHX5,940GZZLUHR5,Heathrow Terminal 5 Underground Station,heathrow terminal 5,6,2.0,0.0,1.0,2.0,2.0,94.0,0.0,0.0,0,0,27.1,
HUBH13,940GZZLUHRC,Heathrow Terminals 2 & 3 Underground Station,heathrow terminals 2 & 3,6,2.0,2.0,1.0,3.0,0.0,42.5,0.1053333333333333,0.1218333333333333,0,0,27.1,
940GZZLUHCL,940GZZLUHCL,Hendon Central Underground Station,hendon central,3+4,1.0,2.0,1.0,3.0,0.0,42.5,0.0336666666666666,0.0236666666666666,0,0,27.9,
940GZZLUHBT,940GZZLUHBT,High Barnet Underground Station,high barnet,5,0.0,0.0,1.0,0.0,0.0,42.5,0.0513333333333333,0.0286666666666666,0,0,27.9,
940GZZLUHSK,940GZZLUHSK,High Street Kensington Underground Station,high street kensington,1,0.0,0.0,0.0,0.0,0.0,,0.2548333333333333,0.4151666666666667,0,0,25.2,
HUBHHY,940GZZLUHAI,Highbury & Islington Underground Station,highbury & islington,2,3.0,0.0,0.0,2.0,0.0,42.5,0.0595,0.0748333333333333,0,0,30.0,
940GZZLUHGT,940GZZLUHGT,Highgate Underground Station,highgate,3,0.0,0.0,0.0,0.0,0.0,,0.1526666666666666,0.1198333333333333,0,0,27.9,
940GZZLUHGD,940GZZLUHGD,Hillingdon Underground Station,hillingdon,6,2.0,0.0,1.0,2.0,4.0,41.1,0.149,0.0981666666666666,0,0,27.1,
940GZZLUHBN,940GZZLUHBN,Holborn Underground Station,holborn,1,0.0,0.0,0.0,0.0,0.0,,0.3251666666666667,0.4503333333333333,0,0,30.1,
940GZZLUHPK,940GZZLUHPK,Holland Park Underground Station,holland park,2,0.0,0.0,0.0,0.0,0.0,,0.0248333333333333,0.0271666666666666,0,0,30.1,
940GZZLUHWY,940GZZLUHWY,Holloway Road Underground Station,holloway road,2,0.0,0.0,0.0,0.0,0.0,,0.0,0.0,0,0,27.1,
940GZZLUHCH,940GZZLUHCH,Hornchurch Underground Station,hornchurch,6,0.0,0.0,0.0,0.0,0.0,,0.1901666666666666,0.1221666666666666,0,0,25.2,
940GZZLUHWC,940GZZLUHWC,Hounslow Central Underground Station,hounslow central,4,0.0,0.0,0.0,0.0,0.0,,0.2085,0.1511666666666666,0,0,27.1,
940GZZLUHWE,940GZZLUHWE,Hounslow East Underground Station,hounslow east,4,2.0,0.0,1.0,2.0,2.0,35.5,0.232,0.2136666666666666,0,0,27.1,
940GZZLUHWT,940GZZLUHWT,Hounslow West Underground Station,hounslow west,5,1.0,2.0,0.0,3.0,0.0,42.5,0.1938333333333333,0.1675,0,0,27.1,
940GZZLUHPC,940GZZLUHPC,Hyde Park Corner Underground Station,hyde park corner,1,0.0,0.0,0.0,0.0,0.0,,0.125,0.1793333333333333,0,0,27.1,
940GZZLUICK,940GZZLUICK,Ickenham Underground Station,ickenham,6,2.0,0.0,0.0,2.0,4.0,,0.0213333333333333,0.012,0,0,27.1,
940GZZLUKNG,940GZZLUKNG,Kennington Underground Station,kennington,1+2,0.0,4.0,0.0,3.0,0.0,42.5,0.2273333333333333,0.2538333333333333,0,0,27.9,
HUBKNL,940GZZLUKSL,Kensal Green Underground Station,kensal green,2,0.0,0.0,0.0,0.0,0.0,,0.2096666666666666,0.1738333333333333,0,0,30.0,
HUBKPA,940GZZLUKOY,Kensington (Olympia) Underground Station,kensington olympia,2,0.0,0.0,1.0,1.0,1.0,25.0,0.0,0.0,0,0,25.2,
HUBKTN,940GZZLUKSH,Kentish Town Underground Station,kentish town,2,0.0,0.0,0.0,0.0,0.0,,0.7110000000000001,0.7916666666666666,0,0,27.9,
HUBKNT,940GZZLUKEN,Kenton Underground Station,kenton,4,0.0,0.0,0.0,0.0,0.0,,0.0233333333333333,0.0173333333333333,0,0,30.0,
HUBKWG,940GZZLUKWG,Kew Gardens Underground Station,kew gardens,3+4,0.0,0.0,0.0,1.0,1.0,33.8,0.0688333333333333,0.0811666666666666,0,0,25.2,
940GZZLUKPK,940GZZLUKPK,Kilburn Park Underground Station,kilburn park,2,0.0,0.0,0.0,0.0,0.0,,0.288,0.286,0,0,30.0,
940GZZLUKBN,940GZZLUKBN,Kilburn Underground Station,kilburn,2,1.0,0.0,1.0,2.0,2.0,39.2,0.2101666666666666,0.1951666666666666,0,0,25.9,
HUBKGX,940GZZLUKSX,King's Cross St. Pancras Underground Station,king's cross st pancras,1,13.0,12.0,1.0,3.0,0.0,42.5,0.5730000000000001,0.7501666666666666,0,0,30.0,
940GZZLUKBY,940GZZLUKBY,Kingsbury Underground Station,kingsbury,4,2.0,2.0,1.0,3.0,0.0,42.5,0.0188333333333333,0.0115,0,0,25.9,
940GZZLUKNB,940GZZLUKNB,Knightsbridge Underground Station,knightsbridge,1,3.0,0.0,0.0,2.0,2.0,,0.2966666666666667,0.4163333333333333,0,0,27.1,
940GZZLULAD,940GZZLULAD,Ladbroke Grove Underground Station,ladbroke grove,2,0.0,0.0,0.0,0.0,0.0,,0.0,0.0,0,0,25.2,
940GZZLULBN,940GZZLULBN,Lambeth North Underground Station,lambeth north,1,0.0,0.0,0.0,0.0,0.0,,0.2336666666666666,0.2735,0,0,30.0,
940GZZLULGT,940GZZLULGT,Lancaster Gate Underground Station,lancaster gate,1,0.0,0.0,0.0,0.0,0.0,,0.1838333333333333,0.2228333333333333,0,0,30.1,
940GZZLULRD,940GZZLULRD,Latimer Road Underground Station,latimer road,2,0.0,0.0,0.0,0.0,0.0,,0.1963333333333333,0.2498333333333333,0,0,25.2,
940GZZLULSQ,940GZZLULSQ,Leicester Square Underground Station,leicester square,1,0.0,0.0,0.0,0.0,0.0,,0.2036666666666667,0.3488333333333333,0,0,27.9,
940GZZLULYN,940GZZLULYN,Leyton Underground Station,leyton,3,0.0,0.0,0.0,0.0,0.0,,0.2018333333333333,0.1974999999999999,0,0,30.1,
940GZZLULYS,940GZZLULYS,Leytonstone Underground Station,leytonstone,3+4,0.0,0.0,0.0,0.0,0.0,,0.2343333333333333,0.2265,0,0,30.1,
HUBLST,940GZZLULVT,Liverpool Street Underground Station,liverpool street,1,4.0,3.0,1.0,3.0,0.0,42.5,0.4653333333333334,0.4778333333333334,0,0,30.1,
HUBLBG,940GZZLULNB,London Bridge Underground Station,london bridge,1,5.0,4.0,1.0,3.0,0.0,42.5,0.473,0.523,0,0,27.9,
940GZZLULGN,940GZZLULGN,Loughton Underground Station,loughton,6,0.0,0.0,0.0,0.0,0.0,,0.209,0.1216666666666666,0,0,30.1,
940GZZLUMVL,940GZZLUMVL,Maida Vale Underground Station,maida vale,2,0.0,0.0,0.0,0.0,0.0,,0.3395,0.3158333333333333,0,0,30.0,
940GZZLUMRH,940GZZLUMRH,Manor House Underground Station,manor house,2+3,0.0,0.0,0.0,0.0,0.0,,0.2196666666666666,0.2303333333333333,0,0,27.1,
940GZZLUMSH,940GZZLUMSH,Mansion House Underground Station,mansion house,1,0.0,0.0,0.0,0.0,0.0,,0.2485,0.2873333333333334,0,0,25.2,
940GZZLUMBA,940GZZLUMBA,Marble Arch Underground Station,marble arch,1,0.0,0.0,0.0,0.0,0.0,,0.2075,0.2305,0,0,30.1,
HUBMYB,940GZZLUMYB,Marylebone Underground Station,marylebone,1,0.0,0.0,1.0,0.0,0.0,,0.466,0.5023333333333333,0,0,30.0,
940GZZLUMED,940GZZLUMED,Mile End Underground Station,mile end,2,0.0,4.0,0.0,3.0,2.0,35.5,0.4846666666666666,0.5275000000000001,0,0,30.1,
940GZZLUMHL,940GZZLUMHL,Mill Hill East Underground Station,mill hill east,4,1.0,0.0,0.0,2.0,1.0,,0.1188333333333333,0.096,0,0,27.9,
940GZZLUMMT,940GZZLUMMT,Monument Underground Station,monument,1,0.0,0.0,0.0,0.0,0.0,,0.3891666666666667,0.3805,0,0,25.2,
940GZZLUMPK,940GZZLUMPK,Moor Park Underground Station,moor park,6+7,0.0,0.0,0.0,0.0,0.0,,0.1389999999999999,0.1255,0,0,25.2,
HUBZMG,940GZZLUMGT,Moorgate Underground Station,moorgate,1,4.0,0.0,0.0,2.0,2.0,42.5,0.3398333333333333,0.3211666666666666,0,0,27.9,
940GZZLUMDN,940GZZLUMDN,Morden Underground Station,morden,4,2.0,5.0,1.0,3.0,0.0,42.5,0.2498333333333333,0.1575,0,0,27.9,
940GZZLUMTC,940GZZLUMTC,Mornington Crescent Underground Station,mornington crescent,2,0.0,0.0,0.0,0.0,0.0,,0.243,0.303,0,0,27.9,
940GZZLUNDN,940GZZLUNDN,Neasden Underground Station,neasden,3,0.0,0.0,0.0,0.0,0.0,,0.2748333333333333,0.2613333333333333,0,0,25.9,
940GZZLUNBP,940GZZLUNBP,Newbury Park Underground Station,newbury park,4,2.0,0.0,0.0,2.0,2.0,,0.1453333333333333,0.0983333333333333,0,0,30.1,
940GZZNEUGST,940GZZNEUGST,Nine Elms Underground Station,nine elms,1,,,,,,,0.2471666666666666,0.2368333333333333,0,0,27.9,
940GZZLUNAN,940GZZLUNAN,North Acton Underground Station,north acton,2+3,0.0,0.0,0.0,0.0,0.0,,0.2538333333333333,0.2423333333333333,0,0,30.1,
940GZZLUNEN,940GZZLUNEN,North Ealing Underground Station,north ealing,3,0.0,0.0,0.0,0.0,0.0,,0.1014999999999999,0.0781666666666666,0,0,27.1,
HUBNGW,940GZZLUNGW,North Greenwich Underground Station,north greenwich,2/3,3.0,0.0,1.0,2.0,0.0,42.5,0.106,0.1225,0,0,25.9,
940GZZLUNHA,940GZZLUNHA,North Harrow Underground Station,north harrow,5,0.0,0.0,0.0,0.0,0.0,,0.183,0.1218333333333333,0,0,25.2,
HUBNWB,940GZZLUNWY,North Wembley Underground Station,north wembley,4,0.0,0.0,0.0,0.0,0.0,,0.22,0.1621666666666666,0,0,30.0,
940GZZLUNFD,940GZZLUNFD,Northfields Underground Station,northfields,3,0.0,0.0,0.0,0.0,0.0,,0.0773333333333333,0.0543333333333333,0,0,27.1,
940GZZLUNHT,940GZZLUNHT,Northolt Underground Station,northolt,5,0.0,0.0,0.0,0.0,0.0,,0.1831666666666666,0.1115,0,0,30.1,
940GZZLUNKP,940GZZLUNKP,Northwick Park Underground Station,northwick park,4,0.0,0.0,0.0,0.0,0.0,126.5,0.2943333333333333,0.2596666666666666,0,0,25.2,
940GZZLUNWH,940GZZLUNWH,Northwood Hills Underground Station,northwood hills,6,0.0,0.0,0.0,0.0,0.0,,0.1498333333333333,0.1053333333333333,0,0,25.2,
940GZZLUNOW,940GZZLUNOW,Northwood Underground Station,northwood,6,0.0,0.0,0.0,0.0,0.0,,0.1783333333333333,0.1426666666666666,0,0,25.2,
940GZZLUNHG,940GZZLUNHG,Notting Hill Gate Underground Station,notting hill gate,1+2,0.0,0.0,0.0,0.0,0.0,,0.235,0.2986666666666667,0,0,30.1,
940GZZLUOAK,940GZZLUOAK,Oakwood Underground Station,oakwood,5,1.0,2.0,0.0,3.0,0.0,42.5,0.1411666666666667,0.1183333333333333,0,0,27.1,
HUBOLD,940GZZLUODS,Old Street Underground Station,old street,1,0.0,0.0,0.0,0.0,0.0,,0.3521666666666666,0.4018333333333333,0,0,27.9,
940GZZLUOSY,940GZZLUOSY,Osterley Underground Station,osterley,4,2.0,0.0,0.0,2.0,2.0,,0.0968333333333333,0.075,0,0,27.1,
940GZZLUOVL,940GZZLUOVL,Oval Underground Station,oval,2,0.0,0.0,0.0,0.0,0.0,,0.15,0.1949999999999999,0,0,27.9,
940GZZLUOXC,940GZZLUOXC,Oxford Circus Underground Station,oxford circus,1,0.0,2.0,0.0,3.0,2.0,42.5,0.32,0.4226666666666666,0,0,30.1,
HUBPAD,940GZZLUPAH,Paddington (H&C Line)-Underground,paddington h&c line underground,1,10.0,4.0,1.0,3.0,0.0,42.5,0.2158333333333333,0.275,0,0,25.2,
HUBPAD,940GZZLUPAC,Paddington Underground Station,paddington,1,10.0,0.0,1.0,2.0,2.0,0.0,0.067,0.0694999999999999,0,0,30.0,
940GZZLUPKR,940GZZLUPKR,Park Royal Underground Station,park royal,3,0.0,0.0,0.0,0.0,0.0,,0.1115,0.1283333333333333,0,0,27.1,
940GZZLUPSG,940GZZLUPSG,Parsons Green Underground Station,parsons green,2,0.0,0.0,0.0,0.0,0.0,,0.3346666666666667,0.28,0,0,25.2,
940GZZLUPVL,940GZZLUPVL,Perivale Underground Station,perivale,4,0.0,0.0,0.0,0.0,0.0,,0.229,0.1666666666666666,0,0,30.1,
940GZZLUPCC,940GZZLUPCC,Piccadilly Circus Underground Station,piccadilly circus,1,0.0,0.0,0.0,0.0,0.0,,0.2136666666666666,0.3419999999999999,0,0,30.0,
940GZZLUPCO,940GZZLUPCO,Pimlico Underground Station,pimlico,1,0.0,0.0,0.0,0.0,0.0,,0.0,0.0,0,0,30.0,
940GZZLUPNR,940GZZLUPNR,Pinner Underground Station,pinner,5,2.0,2.0,1.0,3.0,0.0,42.5,0.1506666666666666,0.0981666666666666,0,0,25.2,
940GZZLUPLW,940GZZLUPLW,Plaistow Underground Station,plaistow,3,0.0,0.0,0.0,0.0,0.0,,0.2721666666666667,0.2781666666666667,0,0,25.2,
940GZZLUPRD,940GZZLUPRD,Preston Road Underground Station,preston road,4,0.0,0.0,0.0,0.0,0.0,,0.2168333333333333,0.1903333333333333,0,0,25.2,
940GZZLUPYB,940GZZLUPYB,Putney Bridge Underground Station,putney bridge,2,0.0,0.0,0.0,0.0,0.0,,0.3853333333333333,0.4046666666666667,0,0,25.2,
HUBQPW,940GZZLUQPS,Queen's Park Underground Station,queen's park,2,0.0,0.0,0.0,0.0,0.0,,0.2865,0.2716666666666666,0,0,30.0,
940GZZLUQBY,940GZZLUQBY,Queensbury Underground Station,queensbury,4,0.0,0.0,1.0,0.0,0.0,,0.1188333333333333,0.093,0,0,25.9,
940GZZLUQWY,940GZZLUQWY,Queensway Underground Station,queensway,1,0.0,0.0,0.0,0.0,0.0,,0.0285,0.0281666666666666,0,0,30.1,
940GZZLURVP,940GZZLURVP,Ravenscourt Park Underground Station,ravenscourt park,2,0.0,0.0,0.0,0.0,0.0,,0.1883333333333333,0.2161666666666666,0,0,25.2,
940GZZLURYL,940GZZLURYL,Rayners Lane Underground Station,rayners lane,5,0.0,0.0,0.0,1.0,4.0,122.0,0.3244999999999999,0.2558333333333333,0,0,27.1,
940GZZLURBG,940GZZLURBG,Redbridge Underground Station,redbridge,4,0.0,0.0,0.0,0.0,0.0,,0.15,0.1285,0,0,30.1,
940GZZLURGP,940GZZLURGP,Regent's Park Underground Station,regent's park,1,0.0,0.0,0.0,0.0,0.0,,0.2445,0.2876666666666667,0,0,30.0,
HUBRMD,940GZZLURMD,Richmond Underground Station,richmond,4,2.0,0.0,1.0,2.0,0.0,42.5,0.3753333333333333,0.3964999999999999,0,0,25.2,
HUBRIC,940GZZLURKW,Rickmansworth Underground Station,rickmansworth,7,0.0,0.0,0.0,1.0,1.0,189.0,0.1593333333333333,0.1333333333333333,0,0,25.2,
940GZZLURVY,940GZZLURVY,Roding Valley Underground Station,roding valley,4,0.0,0.0,0.0,1.0,2.0,175.0,0.011,0.0063333333333333,0,0,30.1,
940GZZLURYO,940GZZLURYO,Royal Oak Underground Station,royal oak,2,0.0,0.0,0.0,0.0,0.0,,0.2821666666666667,0.3311666666666666,0,0,25.2,
940GZZLURSG,940GZZLURSG,Ruislip Gardens Underground Station,ruislip gardens,5,0.0,0.0,1.0,0.0,0.0,,0.0005,0.0,0,0,30.1,
940GZZLURSM,940GZZLURSM,Ruislip Manor Underground Station,ruislip manor,6,0.0,0.0,0.0,0.0,0.0,,0.2051666666666666,0.146,0,0,27.1,
940GZZLURSP,940GZZLURSP,Ruislip Underground Station,ruislip,6,0.0,0.0,0.0,1.0,2.0,111.5,0.1508333333333333,0.1525,0,0,27.1,
940GZZLURSQ,940GZZLURSQ,Russell Square Underground Station,russell square,1,0.0,0.0,0.0,0.0,0.0,,0.0,0.0,0,0,27.1,
HUBSVS,940GZZLUSVS,Seven Sisters Underground Station,seven sisters,3,0.0,0.0,1.0,0.0,0.0,,0.0,0.0,0,0,30.0,
HUBSPB,940GZZLUSBC,Shepherd's Bush (Central) Underground Station,shepherd's bush central,2,2.0,0.0,0.0,2.0,0.0,,0.2735,0.3725,0,0,30.1,
940GZZLUSBM,940GZZLUSBM,Shepherd's Bush Market Underground Station,shepherd's bush market,2,0.0,0.0,0.0,0.0,0.0,,0.1811666666666666,0.2033333333333333,0,0,25.2,
940GZZLUSSQ,940GZZLUSSQ,Sloane Square Underground Station,sloane square,1,0.0,0.0,0.0,0.0,0.0,,0.4733333333333333,0.5973333333333334,0,0,25.2,
940GZZLUSNB,940GZZLUSNB,Snaresbrook Underground Station,snaresbrook,4,0.0,0.0,0.0,0.0,0.0,,0.159,0.1326666666666666,0,0,30.1,
940GZZLUSEA,940GZZLUSEA,South Ealing Underground Station,south ealing,3,0.0,0.0,0.0,0.0,0.0,,0.0785,0.0648333333333333,0,0,27.1,
940GZZLUSHH,940GZZLUSHH,South Harrow Underground Station,south harrow,5,0.0,0.0,0.0,0.0,0.0,,0.1563333333333333,0.1188333333333333,0,0,27.1,
940GZZLUSKS,940GZZLUSKS,South Kensington Underground Station,south kensington,1,0.0,0.0,0.0,1.0,1.0,51.7,0.333,0.4433333333333333,0,0,27.1,
HUBSOK,940GZZLUSKT,South Kenton Underground Station,south kenton,4,0.0,0.0,0.0,0.0,0.0,,0.0,0.0,0,0,30.0,
HUBSRU,940GZZLUSRP,South Ruislip Underground Station,south ruislip,5,0.0,0.0,1.0,0.0,0.0,,0.1916666666666666,0.1325,0,0,30.1,
940GZZLUSWN,940GZZLUSWN,South Wimbledon Underground Station,south wimbledon,3+4,0.0,0.0,0.0,0.0,0.0,,0.0335,0.0205,0,0,27.9,
940GZZLUSWF,940GZZLUSWF,South Woodford Underground Station,south woodford,4,0.0,0.0,0.0,1.0,2.0,,0.225,0.1743333333333333,0,0,30.1,
940GZZLUSFS,940GZZLUSFS,Southfields Underground Station,southfields,3,1.0,0.0,0.0,2.0,0.0,42.5,0.041,0.0275,0,0,25.2,
940GZZLUSGT,940GZZLUSGT,Southgate Underground Station,southgate,4,0.0,0.0,0.0,0.0,0.0,,0.1803333333333333,0.1808333333333333,0,0,27.1,
940GZZLUSWK,940GZZLUSWK,Southwark Underground Station,southwark,1,2.0,0.0,0.0,2.0,0.0,42.5,0.0561666666666666,0.06,0,0,25.9,
940GZZLUSJP,940GZZLUSJP,St. James's Park Underground Station,st james's park,1,0.0,0.0,0.0,0.0,0.0,,0.0,0.0,0,0,25.2,
940GZZLUSJW,940GZZLUSJW,St. John's Wood Underground Station,st john's wood,2,0.0,0.0,1.0,0.0,0.0,,0.2323333333333333,0.2591666666666666,0,0,25.9,
940GZZLUSPU,940GZZLUSPU,St. Paul's Underground Station,st paul's,1,0.0,0.0,0.0,0.0,0.0,,0.2726666666666666,0.3131666666666666,0,0,30.1,
940GZZLUSFB,940GZZLUSFB,Stamford Brook Underground Station,stamford brook,2,0.0,0.0,0.0,0.0,0.0,,0.256,0.2331666666666666,0,0,25.2,
940GZZLUSTM,940GZZLUSTM,Stanmore Underground Station,stanmore,5,0.0,0.0,1.0,1.0,3.0,95.0,0.1903333333333333,0.1725,0,0,25.9,
940GZZLUSGN,940GZZLUSGN,Stepney Green Underground Station,stepney green,2,0.0,0.0,0.0,0.0,0.0,,0.4876666666666667,0.4876666666666667,0,0,25.2,
940GZZLUSKW,940GZZLUSKW,Stockwell Underground Station,stockwell,2,0.0,4.0,0.0,3.0,0.0,42.5,0.408,0.4036666666666667,0,0,30.0,
HUBSBP,940GZZLUSGP,Stonebridge Park Underground Station,stonebridge park,3,0.0,0.0,0.0,0.0,0.0,,0.2855,0.257,0,0,30.0,
HUBSRA,940GZZLUSTD,Stratford Underground Station,stratford,2/3,17.0,0.0,2.0,2.0,3.0,42.5,0.3146666666666666,0.3588333333333333,0,0,30.1,
940GZZLUSUH,940GZZLUSUH,Sudbury Hill Underground Station,sudbury hill,4,2.0,0.0,0.0,2.0,2.0,,0.1003333333333333,0.0758333333333333,0,0,27.1,
940GZZLUSUT,940GZZLUSUT,Sudbury Town Underground Station,sudbury town,4,0.0,0.0,0.0,1.0,2.0,107.5,0.0288333333333333,0.0143333333333333,0,0,27.1,
940GZZLUSWC,940GZZLUSWC,Swiss Cottage Underground Station,swiss cottage,2,0.0,0.0,0.0,0.0,0.0,,0.3573333333333333,0.402,0,0,25.9,
940GZZLUTMP,940GZZLUTMP,Temple Underground Station,temple,1,0.0,0.0,0.0,0.0,0.0,,0.2873333333333334,0.3805,0,0,25.2,
940GZZLUTHB,940GZZLUTHB,Theydon Bois Underground Station,theydon bois,6,0.0,0.0,0.0,1.0,1.0,220.0,0.1415,0.0773333333333333,0,0,30.1,
940GZZLUTBC,940GZZLUTBC,Tooting Bec Underground Station,tooting bec,3,0.0,0.0,0.0,0.0,0.0,,0.2548333333333333,0.19,0,0,27.9,
940GZZLUTBY,940GZZLUTBY,Tooting Broadway Underground Station,tooting broadway,3,0.0,0.0,0.0,0.0,0.0,,0.4051666666666666,0.3526666666666667,0,0,27.9,
HUBTCR,940GZZLUTCR,Tottenham Court Road Underground Station,tottenham court road,1,9.0,2.0,1.0,3.0,2.0,42.5,0.2521666666666667,0.4118333333333333,0,0,30.1,
HUBTOM,940GZZLUTMH,Tottenham Hale Underground Station,tottenham hale,3,3.0,2.0,1.0,3.0,0.0,42.5,0.3968333333333333,0.3853333333333333,0,0,30.0,
940GZZLUTAW,940GZZLUTAW,Totteridge & Whetstone Underground Station,totteridge & whetstone,4,0.0,0.0,0.0,0.0,0.0,,0.2086666666666666,0.1355,0,0,27.9,
940GZZLUTWH,940GZZLUTWH,Tower Hill Underground Station,tower hill,1,2.0,0.0,0.0,2.0,6.0,,0.4116666666666667,0.5668333333333333,0,0,25.2,
940GZZLUTFP,940GZZLUTFP,Tufnell Park Underground Station,tufnell park,2,0.0,0.0,0.0,0.0,0.0,,0.2625,0.2375,0,0,27.9,
940GZZLUTNG,940GZZLUTNG,Turnham Green Underground Station,turnham green,2+3,0.0,0.0,0.0,0.0,0.0,76.8,0.1796666666666666,0.19,0,0,27.1,
940GZZLUTPN,940GZZLUTPN,Turnpike Lane Underground Station,turnpike lane,3,0.0,0.0,0.0,0.0,0.0,,0.4188333333333333,0.3783333333333333,0,0,27.1,
940GZZLUUPB,940GZZLUUPB,Upminster Bridge Underground Station,upminster bridge,6,0.0,0.0,0.0,0.0,0.0,,0.1543333333333333,0.1063333333333333,0,0,25.2,
HUBUPM,940GZZLUUPM,Upminster Underground Station,upminster,6,3.0,0.0,1.0,2.0,0.0,42.5,0.1286666666666666,0.1461666666666666,0,0,25.2,
940GZZLUUPY,940GZZLUUPY,Upney Underground Station,upney,4,0.0,0.0,0.0,0.0,0.0,42.5,0.2605,0.2055,0,0,25.2,
940GZZLUUPK,940GZZLUUPK,Upton Park Underground Station,upton park,3,0.0,0.0,0.0,0.0,0.0,,0.3446666666666667,0.3456666666666666,0,0,25.2,
940GZZLUUXB,940GZZLUUXB,Uxbridge Underground Station,uxbridge,6,0.0,0.0,1.0,1.0,8.0,85.0,0.1573333333333333,0.1705,0,0,27.1,
HUBVXH,940GZZLUVXL,Vauxhall Underground Station,vauxhall,1+2,6.0,2.0,0.0,3.0,0.0,42.5,0.4211666666666666,0.3985,0,0,30.0,
HUBVIC,940GZZLUVIC,Victoria Underground Station,victoria,1,6.0,2.0,2.0,3.0,4.0,42.5,0.091,0.0885,0,0,30.0,
HUBWHC,940GZZLUWWL,Walthamstow Central Underground Station,walthamstow central,3,0.0,0.0,0.0,0.0,0.0,,0.3869999999999999,0.3176666666666666,0,0,30.0,
940GZZLUWSD,940GZZLUWSD,Wanstead Underground Station,wanstead,4,0.0,0.0,0.0,0.0,0.0,,0.2686666666666666,0.223,0,0,30.1,
940GZZLUWRR,940GZZLUWRR,Warren Street Underground Station,warren street,1,0.0,0.0,0.0,0.0,0.0,,0.4059999999999999,0.3685,0,0,30.0,
940GZZLUWKA,940GZZLUWKA,Warwick Avenue Underground Station,warwick avenue,2,0.0,0.0,0.0,0.0,0.0,,0.2496666666666666,0.2366666666666667,0,0,30.0,
HUBWAT,940GZZLUWLO,Waterloo Underground Station,waterloo,1,4.0,0.0,1.0,2.0,1.0,42.5,0.5043333333333334,0.4893333333333333,0,0,30.0,
940GZZLUWAF,940GZZLUWAF,Watford Underground Station,watford,7,0.0,0.0,0.0,0.0,0.0,,0.1613333333333333,0.1263333333333333,0,0,25.2,
HUBWMB,940GZZLUWYC,Wembley Central Underground Station,wembley central,4,4.0,0.0,1.0,2.0,2.0,125.0,0.1216666666666666,0.1231666666666666,0,0,30.0,
940GZZLUWYP,940GZZLUWYP,Wembley Park Underground Station,wembley park,4,5.0,6.0,1.0,3.0,0.0,42.5,0.0,0.0,0,0,25.9,
940GZZLUWTA,940GZZLUWTA,West Acton Underground Station,west acton,3,0.0,0.0,0.0,0.0,0.0,,0.0,0.0,0,0,30.1,
HUBWBP,940GZZLUWBN,West Brompton Underground Station,west brompton,2,2.0,0.0,0.0,2.0,0.0,42.5,0.2423333333333333,0.288,0,0,25.2,
940GZZLUWFN,940GZZLUWFN,West Finchley Underground Station,west finchley,4,0.0,0.0,0.0,1.0,1.0,94.8,0.1448333333333333,0.0705,0,0,27.9,
HUBWEH,940GZZLUWHM,West Ham Underground Station,west ham,2/3,5.0,0.0,0.0,2.0,0.0,42.5,0.6576666666666667,0.6765,0,0,25.9,
HUBWHD,940GZZLUWHP,West Hampstead Underground Station,west hampstead,2,0.0,0.0,0.0,0.0,0.0,,0.3961666666666666,0.3793333333333333,0,0,25.9,
940GZZLUWHW,940GZZLUWHW,West Harrow Underground Station,west harrow,5,0.0,0.0,1.0,0.0,0.0,,0.2306666666666666,0.1831666666666666,0,0,25.2,
940GZZLUWKN,940GZZLUWKN,West Kensington Underground Station,west kensington,2,0.0,0.0,0.0,0.0,0.0,,0.2789999999999999,0.2631666666666666,0,0,25.2,
HUBWRU,940GZZLUWRP,West Ruislip Underground Station,west ruislip,6,0.0,0.0,0.0,0.0,0.0,,0.1576666666666666,0.1278333333333333,0,0,30.1,
940GZZLUWSP,940GZZLUWSP,Westbourne Park Underground Station,westbourne park,2,0.0,0.0,0.0,0.0,0.0,,0.2023333333333333,0.2106666666666666,0,0,25.2,
HUBWSM,940GZZLUWSM,Westminster Underground Station,westminster,1,4.0,0.0,0.0,2.0,4.0,42.5,0.0981666666666666,0.1096666666666666,0,0,25.9,
940GZZLUWCY,940GZZLUWCY,White City Underground Station,white city,2,0.0,0.0,0.0,0.0,0.0,,0.0231666666666666,0.0363333333333333,0,0,30.1,
HUBZWL,940GZZLUWPL,Whitechapel Underground Station,whitechapel,2,8.0,0.0,1.0,2.0,0.0,,0.4798333333333333,0.5743333333333334,0,0,25.2,
940GZZLUWIG,940GZZLUWIG,Willesden Green Underground Station,willesden green,2+3,0.0,0.0,1.0,0.0,0.0,,0.3005,0.2523333333333333,0,0,25.9,
HUBWIJ,940GZZLUWJN,Willesden Junction Underground Station,willesden junction,2+3,2.0,0.0,1.0,2.0,2.0,,0.0,0.0,0,0,30.0,
940GZZLUWIP,940GZZLUWIP,Wimbledon Park Underground Station,wimbledon park,3,1.0,0.0,0.0,2.0,2.0,,0.2366666666666666,0.1878333333333333,0,0,25.2,
HUBWIM,940GZZLUWIM,Wimbledon Underground Station,wimbledon,3,4.0,4.0,1.0,3.0,0.0,42.5,0.3085,0.2776666666666667,0,0,25.2,
940GZZLUWOG,940GZZLUWOG,Wood Green Underground Station,wood green,3,0.0,0.0,0.0,0.0,0.0,,0.181,0.1866666666666666,0,0,27.1,
940GZZLUWLA,940GZZLUWLA,Wood Lane Underground Station,wood lane,2,4.0,0.0,1.0,2.0,0.0,95.0,0.1856666666666666,0.2836666666666667,0,0,25.2,
940GZZLUWOF,940GZZLUWOF,Woodford Underground Station,woodford,4,0.0,0.0,0.0,1.0,3.0,,0.3713333333333333,0.2756666666666666,0,0,30.1,
940GZZLUWOP,940GZZLUWOP,Woodside Park Underground Station,woodside park,4,0.0,2.0,0.0,3.0,0.0,42.5,0.1463333333333333,0.0915,0,0,27.9,
