route_id,min_step_free,min_accessibility,max_gap_mm,min_lift_count,any_lift_issue,any_closure,mean_crowding_peak,route_temp,num_interchanges,zone_span,goal,pac_formula,human_label_1to5,label_good,mean_accessibility,prop_stepfree
R001,0.0,0.0,53.5,0.0,0,0,0.32425,30.1,1,0.0,punctuality,0.3847,3.0,0,1.3333333333333333,0.5
R002,0.0,0.0,42.5,0.0,0,0,0.29595238095238097,30.1,3,0.0,accessibility,0.3556,2.0,0,1.1428571428571428,0.42857142857142855
R003,0.0,0.0,125.0,0.0,0,0,0.18565740740740738,30.0,1,3.0,comfort,0.4055,4.0,1,0.5555555555555556,0.2777777777777778
R004,0.0,0.0,125.0,0.0,0,0,0.21187301587301588,30.0,1,3.0,punctuality,0.4016,4.0,1,0.6190476190476191,0.2857142857142857
R005,0.0,0.0,42.5,0.0,0,0,0.17645138888888887,30.1,2,4.0,accessibility,0.3902,4.0,1,1.0416666666666667,0.375
R006,0.0,0.0,77.2,0.0,0,0,0.1923933333333333,30.1,2,4.0,comfort,0.3878,3.0,0,1.24,0.48
R007,0.0,0.0,175.0,0.0,0,0,0.2791777777777778,30.1,2,3.0,punctuality,0.3748,3.0,0,1.0666666666666667,0.5333333333333333
R008,0.0,0.0,175.0,0.0,0,0,0.28296875,30.1,4,3.0,accessibility,0.3409,2.0,0,1.125,0.5625
R009,0.0,0.0,65.8,0.0,0,0,0.21003968253968255,30.1,3,4.0,comfort,0.3685,2.0,0,0.8095238095238095,0.3333333333333333
R010,0.0,0.0,65.8,0.0,0,0,0.19145238095238093,30.1,0,4.0,punctuality,0.4213,5.0,1,0.6190476190476191,0.23809523809523808
R011,0.0,0.0,51.7,0.0,0,0,0.26453333333333334,30.1,2,1.0,accessibility,0.377,4.5,1,1.6,0.7
R012,0.0,0.0,51.7,0.0,0,0,0.23048333333333332,30.1,3,1.0,comfort,0.3654,4.0,1,1.4,0.6
R013,0.0,0.0,126.5,0.0,0,0,0.257079365079365,30.1,4,5.0,punctuality,0.3448,3.0,0,1.7142857142857142,0.7619047619047619
R014,0.0,0.0,126.5,0.0,0,0,0.24122222222222214,30.1,1,5.0,accessibility,0.3972,5.0,1,1.6666666666666667,0.7619047619047619
R015,0.0,0.0,118.0,0.0,0,0,0.17287499999999997,30.1,3,1.0,comfort,0.3741,3.0,0,0.9,0.4
R016,0.0,0.0,42.5,0.0,0,0,0.16956666666666664,30.1,1,2.0,punctuality,0.4079,4.0,1,0.5,0.2
R017,0.0,0.0,42.5,0.0,0,0,0.33511111111111114,30.1,2,2.0,accessibility,0.3664,1.0,0,1.0,0.4444444444444444
R018,0.0,0.0,42.5,0.0,0,0,0.33980555555555547,30.1,1,2.0,comfort,0.3824,3.0,0,1.1666666666666667,0.5
R019,0.0,0.0,42.5,0.0,0,0,0.27723809523809523,30.1,2,0.0,punctuality,0.3751,2.0,0,1.7142857142857142,0.5714285714285714
R020,0.0,0.0,42.5,0.0,0,0,0.26745238095238094,30.1,2,0.0,accessibility,0.3765,4.0,1,1.2857142857142858,0.42857142857142855
R021,0.0,0.0,77.2,0.0,0,0,0.31487500000000007,30.1,5,1.0,comfort,0.3194,1.0,0,1.5,0.5833333333333334
R022,0.0,0.0,77.2,0.0,0,0,0.30875,30.0,2,1.0,punctuality,0.3704,3.0,0,1.5,0.5833333333333334
R023,0.0,0.0,118.0,0.0,0,0,0.22345138888888885,30.1,3,2.0,accessibility,0.3665,1.0,0,1.25,0.5833333333333334
R024,0.0,0.0,118.0,0.0,0,0,0.20936538461538462,30.1,4,2.0,comfort,0.3519,3.0,0,1.1538461538461537,0.5384615384615384
R025,0.0,0.0,77.2,0.0,0,0,0.3220208333333333,30.1,3,3.0,punctuality,0.3517,4.0,1,1.6875,0.6875
R026,0.0,0.0,77.2,0.0,0,0,0.32306862745098036,30.1,5,3.0,accessibility,0.3182,1.0,0,1.7058823529411764,0.7058823529411765
R027,0.0,0.0,126.5,0.0,0,0,0.27088333333333325,30.0,0,4.0,comfort,0.4094,3.0,0,1.8,0.7
R028,0.0,0.0,126.5,0.0,0,0,0.2735757575757575,30.0,0,4.0,punctuality,0.409,5.0,1,1.6363636363636365,0.6363636363636364
R029,0.0,0.0,51.7,0.0,0,0,0.2650952380952381,30.1,2,0.0,accessibility,0.3769,3.0,0,1.2857142857142858,0.5714285714285714
R030,0.0,0.0,42.5,0.0,0,0,0.22292857142857142,30.1,1,0.0,comfort,0.3999,4.0,1,0.8571428571428571,0.2857142857142857
R031,0.0,0.0,76.8,0.0,0,0,0.2834078947368421,30.1,5,2.0,punctuality,0.3242,1.0,0,1.631578947368421,0.6842105263157895
R032,0.0,0.0,76.8,0.0,0,0,0.2497324561403509,30.1,5,2.0,accessibility,0.3292,1.5,0,1.6842105263157894,0.7368421052631579
R033,0.0,0.0,118.0,0.0,0,0,0.19195588235294117,30.0,3,2.0,comfort,0.3712,3.0,0,1.1176470588235294,0.47058823529411764
R034,0.0,0.0,118.0,0.0,0,0,0.18353240740740737,30.0,5,2.0,punctuality,0.3391,1.0,0,1.0555555555555556,0.4444444444444444
R035,0.0,0.0,126.5,0.0,0,0,0.20866666666666664,30.1,2,3.0,accessibility,0.3854,3.0,0,1.2142857142857142,0.5714285714285714
R036,0.0,0.0,126.5,0.0,0,0,0.21478888888888886,30.1,2,3.0,comfort,0.3844,3.0,0,1.1333333333333333,0.5333333333333333
R037,0.0,0.0,126.5,0.0,0,0,0.21335416666666665,30.0,1,5.0,punctuality,0.4013,5.0,1,0.9375,0.4375
R038,0.0,0.0,126.5,0.0,0,0,0.21848039215686274,30.0,1,5.0,accessibility,0.4006,2.0,0,0.8823529411764706,0.4117647058823529
R039,0.0,0.0,76.8,0.0,0,0,0.2711607142857143,30.1,4,1.0,comfort,0.3427,3.0,0,1.7142857142857142,0.7142857142857143
R040,0.0,0.0,76.8,0.0,0,0,0.24683928571428568,30.1,5,1.0,punctuality,0.3296,1.0,0,1.5714285714285714,0.6428571428571429
R041,0.0,0.0,42.5,0.0,0,0,0.203469696969697,30.1,1,1.0,accessibility,0.4028,4.0,1,0.6363636363636364,0.2727272727272727
R042,0.0,0.0,42.5,0.0,0,0,0.19009722222222225,30.1,2,1.0,comfort,0.3882,4.0,1,0.5833333333333334,0.25
R043,0.0,0.0,126.5,0.0,0,0,0.14471428571428566,27.1,2,2.0,punctuality,0.395,2.0,0,0.9285714285714286,0.42857142857142855
R044,0.0,0.0,118.0,0.0,0,0,0.17127631578947367,30.1,4,4.0,accessibility,0.3576,2.0,0,1.1578947368421053,0.5263157894736842
R045,0.0,0.0,122.0,0.0,0,0,0.17137878787878782,27.1,1,2.0,comfort,0.4076,5.0,1,0.9090909090909091,0.45454545454545453
R046,0.0,0.0,126.5,0.0,0,0,0.17822222222222217,27.1,2,1.0,punctuality,0.3899,2.0,0,1.1111111111111112,0.4444444444444444
R047,0.0,0.0,42.5,0.0,0,0,0.24141666666666667,30.0,0,1.0,accessibility,0.4138,5.0,1,1.5,0.5
R048,0.0,0.0,42.5,0.0,0,0,0.2417333333333333,30.0,0,1.0,comfort,0.4137,3.0,0,1.2,0.4
R049,0.0,0.0,118.0,0.0,0,0,0.2344404761904762,30.1,3,3.0,punctuality,0.3648,3.0,0,1.3333333333333333,0.5714285714285714
R050,0.0,0.0,118.0,0.0,0,0,0.21822619047619052,30.1,4,3.0,accessibility,0.3506,2.0,0,1.2380952380952381,0.5238095238095238
R051,0.0,0.0,91.8,0.0,0,0,0.16009313725490196,30.1,5,4.0,comfort,0.3427,2.0,0,1.2352941176470589,0.5882352941176471
R052,0.0,0.0,91.8,0.0,0,0,0.16669907407407403,30.1,5,4.0,punctuality,0.3417,2.0,0,1.1666666666666667,0.5555555555555556
R053,0.0,0.0,118.0,0.0,0,0,0.1773611111111111,30.0,3,3.0,accessibility,0.3734,3.0,0,1.0476190476190477,0.42857142857142855
R054,0.0,0.0,118.0,0.0,0,0,0.17113257575757573,30.0,5,3.0,comfort,0.341,1.0,0,1.0,0.4090909090909091
R055,0.0,0.0,77.2,0.0,0,0,0.31565333333333334,30.1,6,5.0,punctuality,0.3027,1.0,0,1.48,0.6
R056,0.0,0.0,77.2,0.0,0,0,0.3136025641025641,30.1,5,5.0,accessibility,0.3196,1.0,0,1.4230769230769231,0.5769230769230769
R057,0.0,0.0,42.5,0.0,0,0,0.2775740740740741,30.1,3,0.0,comfort,0.3584,1.0,0,1.4444444444444444,0.5555555555555556
R058,0.0,0.0,42.5,0.0,0,0,0.23420370370370375,30.1,0,0.0,punctuality,0.4149,5.0,1,1.0,0.3333333333333333
R059,0.0,0.0,91.8,0.0,0,0,0.3188333333333333,30.1,3,3.0,accessibility,0.3522,2.0,0,1.6666666666666667,0.6666666666666666
R060,0.0,0.0,91.8,0.0,0,0,0.3135104166666666,30.1,5,3.0,comfort,0.3196,3.0,0,1.5625,0.625
R061,0.0,0.0,118.0,0.0,0,0,0.2365032051282051,30.1,2,4.0,punctuality,0.3812,4.0,1,1.1923076923076923,0.5
R062,0.0,0.0,118.0,0.0,0,0,0.24199038461538455,30.1,3,4.0,accessibility,0.3637,2.0,0,1.2307692307692308,0.5
R063,0.0,0.0,42.5,0.0,0,0,0.31038095238095237,30.1,2,3.0,comfort,0.3701,3.0,0,1.0714285714285714,0.5
R064,0.0,0.0,42.5,0.0,0,0,0.3123444444444444,30.1,4,3.0,punctuality,0.3365,1.0,0,1.1333333333333333,0.5333333333333333
R065,0.0,0.0,42.5,0.0,0,0,0.2513125,25.9,1,4.0,accessibility,0.3956,4.0,1,1.125,0.5
R066,0.0,0.0,42.5,0.0,0,0,0.31475833333333336,30.1,4,5.0,comfort,0.3361,2.0,0,1.4,0.55
R067,0.0,0.0,125.0,0.0,0,0,0.22080701754385965,30.1,4,3.0,punctuality,0.3502,3.0,0,1.0,0.42105263157894735
R068,0.0,0.0,125.0,0.0,0,0,0.21693859649122804,30.0,2,3.0,accessibility,0.3841,3.0,0,1.0,0.42105263157894735
R069,0.0,0.0,91.8,0.0,0,0,0.27574074074074073,30.0,2,2.0,comfort,0.3753,4.0,1,1.6666666666666667,0.6666666666666666
R070,0.0,0.0,91.8,0.0,0,0,0.2792121212121212,30.0,3,2.0,punctuality,0.3581,1.0,0,1.3636363636363635,0.5454545454545454
R071,0.0,0.0,118.0,0.0,0,0,0.26229166666666665,30.1,3,2.0,accessibility,0.3607,2.0,0,1.3636363636363635,0.5909090909090909
R072,0.0,0.0,118.0,0.0,0,0,0.24681439393939392,30.1,4,2.0,comfort,0.3463,2.0,0,1.2727272727272727,0.5454545454545454
R073,0.0,0.0,91.8,0.0,0,0,0.24416666666666664,30.1,2,3.0,punctuality,0.38,4.0,1,2.2857142857142856,0.8571428571428571
R074,0.0,0.0,91.8,0.0,0,0,0.23183333333333334,30.1,2,3.0,accessibility,0.3819,2.0,0,1.8571428571428572,0.7142857142857143
R075,0.0,0.0,220.0,0.0,0,0,0.26029761904761906,30.1,3,5.0,comfort,0.361,3.0,0,1.4285714285714286,0.6428571428571429
R076,0.0,0.0,220.0,0.0,0,0,0.2657298850574713,30.1,1,5.0,punctuality,0.3935,4.0,1,1.3793103448275863,0.6206896551724138
R077,0.0,0.0,118.0,0.0,0,0,0.17753205128205127,30.1,1,3.0,accessibility,0.4067,2.0,0,0.9230769230769231,0.38461538461538464
R078,0.0,0.0,118.0,0.0,0,0,0.16792261904761904,30.1,1,3.0,comfort,0.4081,3.0,0,0.8571428571428571,0.35714285714285715
R079,0.0,0.0,125.0,0.0,0,0,0.2826666666666667,30.1,5,3.0,punctuality,0.3243,1.0,0,1.4,0.6
R080,0.0,0.0,125.0,0.0,0,0,0.2660166666666667,30.1,2,3.0,accessibility,0.3768,5.0,1,1.35,0.6
R081,0.0,0.0,42.5,0.0,0,0,0.36158333333333337,30.1,2,1.0,comfort,0.3624,4.0,1,1.0,0.5
R082,0.0,0.0,42.5,0.0,0,0,0.35828571428571426,30.1,1,1.0,punctuality,0.3796,3.0,0,1.2857142857142858,0.5714285714285714
R083,0.0,0.0,118.0,0.0,0,0,0.16962037037037037,27.1,1,3.0,accessibility,0.4079,2.0,0,0.8888888888888888,0.3333333333333333
R084,0.0,0.0,118.0,0.0,0,0,0.15669166666666665,27.1,3,3.0,comfort,0.3765,5.0,1,0.8,0.3
R085,0.0,0.0,189.0,0.0,0,0,0.20059027777777774,30.0,2,6.0,punctuality,0.3866,3.0,0,0.875,0.4166666666666667
R086,0.0,0.0,189.0,0.0,0,0,0.2045866666666666,30.0,2,6.0,accessibility,0.386,2.0,0,0.84,0.4
R087,0.0,0.0,51.7,0.0,0,0,0.3447142857142857,30.1,5,1.0,comfort,0.315,4.0,1,1.6428571428571428,0.7142857142857143
R088,0.0,0.0,51.7,0.0,0,0,0.32039285714285715,30.1,4,1.0,punctuality,0.3353,2.0,0,1.5,0.6428571428571429
R089,0.0,0.0,95.0,0.0,0,0,0.27411458333333333,30.1,4,1.0,accessibility,0.3422,2.0,0,1.3125,0.5
R090,0.0,0.0,95.0,0.0,0,0,0.2695208333333333,30.0,1,1.0,comfort,0.3929,3.0,0,1.3125,0.5
R091,0.0,0.0,118.0,0.0,0,0,0.20186979166666666,30.1,2,2.0,punctuality,0.3864,3.0,0,0.9375,0.4375
R092,0.0,0.0,77.2,0.0,0,0,0.16091176470588237,30.1,2,2.0,accessibility,0.3925,3.0,0,0.7058823529411765,0.35294117647058826
R093,0.0,0.0,213.0,0.0,0,0,0.24933653846153844,30.1,4,3.0,comfort,0.3459,2.0,0,1.2307692307692308,0.5769230769230769
R094,0.0,0.0,213.0,0.0,0,0,0.2362403846153846,30.1,5,3.0,punctuality,0.3312,1.0,0,1.1538461538461537,0.5384615384615384
R095,0.0,0.0,126.5,0.0,0,0,0.18446874999999996,30.1,2,6.0,accessibility,0.389,2.0,0,1.0,0.375
R096,0.0,0.0,126.5,0.0,0,0,0.19129411764705878,30.1,2,6.0,comfort,0.388,3.0,0,0.9411764705882353,0.35294117647058826
R097,0.0,0.0,118.0,0.0,0,0,0.22252777777777777,27.1,1,2.0,punctuality,0.4,5.0,1,1.0,0.4444444444444444
R098,0.0,0.0,118.0,0.0,0,0,0.22575833333333334,27.1,2,2.0,accessibility,0.3828,4.0,1,0.9,0.4
R099,0.0,0.0,77.2,0.0,0,0,0.29478787878787877,30.1,3,1.0,comfort,0.3558,3.0,0,1.3636363636363635,0.5454545454545454
R100,0.0,0.0,77.2,0.0,0,0,0.28693939393939394,30.1,3,1.0,punctuality,0.357,2.0,0,1.0909090909090908,0.45454545454545453
R101,0.0,0.0,77.2,0.0,0,0,0.17188095238095236,30.1,1,2.0,accessibility,0.4076,4.0,1,0.7857142857142857,0.35714285714285715
R102,0.0,0.0,118.0,0.0,0,0,0.20482777777777778,30.1,3,2.0,comfort,0.3693,1.0,0,1.2,0.5333333333333333
R103,0.0,0.0,175.0,0.0,0,0,0.2578333333333333,30.1,4,3.0,punctuality,0.3447,2.0,0,1.1333333333333333,0.5333333333333333
R104,0.0,0.0,175.0,0.0,0,0,0.2599569892473118,30.1,3,3.0,accessibility,0.361,3.0,0,1.064516129032258,0.4838709677419355
R105,0.0,0.0,126.5,0.0,0,0,0.22466666666666663,30.1,1,4.0,comfort,0.3996,3.0,0,1.625,0.625
R106,0.0,0.0,126.5,0.0,0,0,0.23309259259259255,30.1,1,4.0,punctuality,0.3984,5.0,1,1.4444444444444444,0.5555555555555556
R107,0.0,0.0,213.0,0.0,0,0,0.2731372549019607,30.1,1,3.0,accessibility,0.3924,4.0,1,0.8235294117647058,0.35294117647058826
R108,0.0,0.0,213.0,0.0,0,0,0.27677777777777773,30.1,3,3.0,comfort,0.3585,3.0,0,0.8888888888888888,0.3888888888888889
R109,0.0,0.0,91.8,0.0,0,0,0.3199166666666666,30.1,3,1.0,punctuality,0.352,1.0,0,2.125,0.875
R110,0.0,0.0,91.8,0.0,0,0,0.26033333333333336,30.1,2,1.0,accessibility,0.3776,5.0,1,1.25,0.5
R111,0.0,0.0,51.7,0.0,0,0,0.2682051282051282,30.1,4,4.0,comfort,0.3431,5.0,1,1.3461538461538463,0.6538461538461539
R112,0.0,0.0,51.7,0.0,0,0,0.25510897435897434,30.1,3,4.0,punctuality,0.3617,5.0,1,1.2692307692307692,0.6153846153846154
R113,0.0,0.0,65.8,0.0,0,0,0.16826666666666662,30.1,0,1.0,accessibility,0.4248,4.0,1,0.4,0.2
R114,0.0,0.0,126.5,0.0,0,0,0.31478,30.1,5,5.0,comfort,0.3194,1.0,0,1.56,0.64
R115,0.0,0.0,126.5,0.0,0,0,0.3142307692307692,30.1,5,5.0,punctuality,0.3195,2.0,0,1.5,0.6153846153846154
R116,0.0,0.0,42.5,0.0,0,0,0.3197083333333333,30.1,2,0.0,accessibility,0.3687,4.0,1,1.75,0.625
R117,0.0,0.0,42.5,0.0,0,0,0.3209444444444444,30.1,4,0.0,comfort,0.3352,1.0,0,1.8888888888888888,0.6666666666666666
R118,0.0,0.0,42.5,0.0,0,0,0.24202380952380947,30.1,3,1.0,punctuality,0.3637,4.0,1,1.7142857142857142,0.5714285714285714
R119,0.0,0.0,42.5,0.0,0,0,0.2322380952380952,30.1,0,1.0,accessibility,0.4152,5.0,1,1.2857142857142858,0.42857142857142855
R120,0.0,0.0,91.8,0.0,0,0,0.3163409090909091,30.1,6,4.0,comfort,0.3025,2.0,0,1.5909090909090908,0.6363636363636364
R121,0.0,0.0,91.8,0.0,0,0,0.32607246376811594,30.1,6,4.0,punctuality,0.3011,1.0,0,1.391304347826087,0.5652173913043478
R122,0.0,0.0,42.5,0.0,0,0,0.32918627450980387,30.1,2,3.0,accessibility,0.3673,2.0,0,1.411764705882353,0.5294117647058824
R123,0.0,0.0,53.5,0.0,0,0,0.3444019607843137,30.1,2,3.0,comfort,0.365,3.0,0,1.7058823529411764,0.6470588235294118
R124,0.0,0.0,94.8,0.0,0,0,0.3250061728395061,30.1,4,4.0,punctuality,0.3346,3.0,0,1.4074074074074074,0.5555555555555556
R125,0.0,0.0,94.8,0.0,0,0,0.31542592592592583,30.1,4,4.0,accessibility,0.336,1.5,0,1.2222222222222223,0.48148148148148145
R126,0.0,0.0,44.8,0.0,0,0,0.33825925925925926,30.1,4,0.0,comfort,0.3326,3.0,0,1.8888888888888888,0.7777777777777778
R127,0.0,0.0,44.8,0.0,0,0,0.3384166666666667,30.1,4,0.0,punctuality,0.3326,1.0,0,1.9,0.8
R128,0.0,0.0,77.2,0.0,0,0,0.3283095238095238,30.1,1,1.0,accessibility,0.3841,3.0,0,1.8571428571428572,0.7142857142857143
R129,0.0,0.0,77.2,0.0,0,0,0.31647916666666664,30.1,2,1.0,comfort,0.3692,5.0,1,1.625,0.625
R130,0.0,0.0,91.8,0.0,0,0,0.2150462962962963,30.1,3,3.0,punctuality,0.3677,3.0,0,1.5,0.5555555555555556
R131,0.0,0.0,91.8,0.0,0,0,0.2195438596491228,30.1,3,3.0,accessibility,0.3671,2.0,0,1.4210526315789473,0.5263157894736842
R132,0.0,0.0,107.5,0.0,0,0,0.12087254901960781,30.1,2,4.0,comfort,0.3985,3.0,0,0.5294117647058824,0.29411764705882354
R133,0.0,0.0,213.0,0.0,0,0,0.3080925925925926,30.1,1,3.0,punctuality,0.3871,4.5,1,1.3333333333333333,0.5555555555555556
R134,0.0,0.0,213.0,0.0,0,0,0.29372222222222216,30.1,3,3.0,accessibility,0.3559,2.0,0,1.0555555555555556,0.4444444444444444
R135,0.0,0.0,77.2,0.0,0,0,0.24681666666666666,30.1,4,1.0,comfort,0.3463,1.0,0,1.5333333333333334,0.6
R136,0.0,0.0,51.7,0.0,0,0,0.25366111111111106,30.1,2,1.0,punctuality,0.3786,3.0,0,1.7333333333333334,0.6666666666666666
R137,0.0,0.0,94.8,0.0,0,0,0.2775555555555556,30.0,2,3.0,accessibility,0.375,3.0,0,1.4,0.5333333333333333
R138,0.0,0.0,94.8,0.0,0,0,0.27539583333333334,30.0,2,3.0,comfort,0.3754,3.0,0,1.3125,0.5
R139,0.0,0.0,122.0,0.0,0,0,0.1659833333333333,27.1,1,2.0,punctuality,0.4084,4.0,1,1.0,0.5
R140,0.0,0.0,126.5,0.0,0,0,0.191037037037037,30.0,0,5.0,accessibility,0.4213,4.0,1,1.4444444444444444,0.5555555555555556
R141,0.0,0.0,126.5,0.0,0,0,0.20198333333333332,30.0,0,5.0,comfort,0.4197,5.0,1,1.3,0.5
R142,0.0,0.0,91.8,0.0,0,0,0.19938333333333333,30.1,4,3.0,punctuality,0.3534,1.0,0,1.9,0.7
R143,0.0,0.0,91.8,0.0,0,0,0.18723333333333333,30.1,5,3.0,accessibility,0.3386,1.5,0,1.9,0.7
R144,0.0,0.0,77.2,0.0,0,0,0.33476041666666667,30.1,4,1.0,comfort,0.3331,5.0,1,1.5625,0.625
R145,0.0,0.0,77.2,0.0,0,0,0.3350588235294117,30.1,6,1.0,punctuality,0.2997,2.0,0,1.588235294117647,0.6470588235294118
R146,0.0,0.0,51.7,0.0,0,0,0.24851960784313723,30.1,3,2.0,accessibility,0.3627,3.0,0,1.411764705882353,0.5882352941176471
R147,0.0,0.0,77.2,0.0,0,0,0.24248039215686276,30.1,3,2.0,comfort,0.3636,3.0,0,1.2352941176470589,0.5294117647058824
R148,0.0,0.0,94.8,0.0,0,0,0.22732499999999994,30.1,5,4.0,punctuality,0.3326,4.0,1,1.45,0.55
R149,0.0,0.0,94.8,0.0,0,0,0.22364999999999996,30.0,2,4.0,accessibility,0.3831,1.0,0,1.45,0.55
R150,0.0,0.0,189.0,0.0,0,0,0.20631578947368415,30.1,1,8.0,comfort,0.4024,4.0,1,1.631578947368421,0.6842105263157895
R151,0.0,0.0,189.0,0.0,0,0,0.21102499999999996,30.1,1,8.0,punctuality,0.4017,3.0,0,1.55,0.65
R152,0.0,0.0,42.5,0.0,0,0,0.2254285714285714,30.1,2,1.0,accessibility,0.3829,3.0,0,0.8571428571428571,0.35714285714285715
R153,0.0,0.0,42.5,0.0,0,0,0.22087777777777776,30.1,4,1.0,comfort,0.3502,1.0,0,0.6666666666666666,0.26666666666666666
R154,0.0,0.0,42.5,0.0,0,0,0.19146666666666662,30.0,1,1.0,punctuality,0.4046,5.0,1,1.8,0.6
R155,0.0,0.0,42.5,0.0,0,0,0.1895,30.0,2,1.0,accessibility,0.3882,4.0,1,1.625,0.625
R156,0.0,0.0,42.5,0.0,0,0,0.311462962962963,30.1,2,2.0,comfort,0.3699,3.0,0,0.4444444444444444,0.2222222222222222
R157,0.0,0.0,42.5,0.0,0,0,0.32206944444444446,30.1,1,2.0,punctuality,0.385,5.0,1,0.75,0.3333333333333333
R158,0.0,0.0,125.0,0.0,0,0,0.2659425287356322,30.1,4,3.0,accessibility,0.3434,2.5,0,1.1379310344827587,0.5172413793103449
R159,0.0,0.0,125.0,0.0,0,0,0.2678666666666666,30.1,3,3.0,comfort,0.3598,1.0,0,1.0666666666666667,0.4666666666666667
R160,0.0,0.0,126.5,0.0,0,0,0.26526041666666667,30.1,3,5.0,punctuality,0.3602,3.0,0,1.5,0.625
R161,0.0,0.0,126.5,0.0,0,0,0.23546874999999998,30.1,2,5.0,accessibility,0.3813,4.0,1,1.0625,0.4375
R162,0.0,0.0,118.0,0.0,0,0,0.18301785714285712,27.1,1,4.0,comfort,0.4059,4.0,1,1.0714285714285714,0.42857142857142855
R163,0.0,0.0,118.0,0.0,0,0,0.17368333333333333,27.1,1,4.0,punctuality,0.4073,4.5,1,1.0,0.4
R164,0.0,0.0,118.0,0.0,0,0,0.27954411764705883,30.1,3,2.0,accessibility,0.3581,2.0,0,1.588235294117647,0.6470588235294118
R165,0.0,0.0,118.0,0.0,0,0,0.2595147058823529,30.1,4,2.0,comfort,0.3444,3.0,0,1.4705882352941178,0.5882352941176471
R166,0.0,0.0,118.0,0.0,0,0,0.11552083333333331,27.1,0,1.0,punctuality,0.4327,1.0,0,0.5,0.375
R167,0.0,0.0,42.5,0.0,0,0,0.2400555555555555,30.0,1,2.0,accessibility,0.3973,4.0,1,0.6666666666666666,0.2222222222222222
R168,0.0,0.0,76.8,0.0,0,0,0.22507666666666665,30.1,3,4.0,comfort,0.3662,3.0,0,1.32,0.56
R169,0.0,0.0,77.2,0.0,0,0,0.22096999999999997,30.1,5,4.0,punctuality,0.3335,3.0,0,1.2,0.52
R170,0.0,0.0,42.5,0.0,0,0,0.30166666666666664,30.1,0,4.0,accessibility,0.4047,5.0,1,1.0,0.5
R171,0.0,0.0,42.5,0.0,0,0,0.3042111111111111,30.1,3,4.0,comfort,0.3544,3.0,0,1.0666666666666667,0.5333333333333333
R172,0.0,0.0,42.5,0.0,0,0,0.18197222222222217,30.0,0,1.0,punctuality,0.4227,5.0,1,0.8333333333333334,0.3333333333333333
R173,0.0,0.0,118.0,0.0,0,0,0.11099999999999999,30.1,2,1.0,accessibility,0.4,2.0,0,1.1111111111111112,0.5555555555555556
R174,0.0,0.0,42.5,0.0,0,0,0.36229761904761915,30.1,2,3.0,comfort,0.3623,2.0,0,1.2857142857142858,0.5
R175,0.0,0.0,42.5,0.0,0,0,0.3556333333333334,30.1,1,3.0,punctuality,0.38,5.0,1,1.2,0.4666666666666667
R176,0.0,0.0,189.0,0.0,0,0,0.24302898550724636,30.1,4,8.0,accessibility,0.3469,3.0,0,1.8695652173913044,0.7391304347826086
R177,0.0,0.0,189.0,0.0,0,0,0.22855072463768114,30.1,1,8.0,comfort,0.3991,3.0,0,1.826086956521739,0.7391304347826086
R178,0.0,0.0,42.5,0.0,0,0,0.3386,30.1,3,1.0,punctuality,0.3492,5.0,1,2.0,0.75
R179,0.0,0.0,42.5,0.0,0,0,0.3705454545454545,30.1,4,1.0,accessibility,0.3278,3.0,0,2.2222222222222223,0.8888888888888888
R180,0.0,0.0,91.8,0.0,0,0,0.305625,30.1,5,3.0,comfort,0.3208,2.0,0,2.25,0.9166666666666666
R181,0.0,0.0,91.8,0.0,0,0,0.277875,30.1,2,3.0,punctuality,0.375,3.0,0,2.1666666666666665,0.9166666666666666
R182,0.0,0.0,42.5,0.0,0,0,0.3256363636363636,30.1,2,3.0,accessibility,0.3678,2.0,0,1.5454545454545454,0.6363636363636364
R183,0.0,0.0,42.5,0.0,0,0,0.32681944444444444,30.1,4,3.0,comfort,0.3343,3.0,0,1.5833333333333333,0.6666666666666666
R184,0.0,0.0,126.5,0.0,0,0,0.2652333333333333,30.1,1,4.0,punctuality,0.3935,4.0,1,2.0,0.8
R185,0.0,0.0,126.5,0.0,0,0,0.2684393939393939,30.1,1,4.0,accessibility,0.3931,3.0,0,1.8181818181818181,0.7272727272727273
R186,0.0,0.0,42.5,0.0,0,0,0.23269047619047617,27.1,0,1.0,comfort,0.4151,4.0,1,1.0,0.42857142857142855
R187,0.0,0.0,42.5,0.0,0,0,0.20897916666666666,27.1,1,1.0,punctuality,0.402,5.0,1,0.875,0.375
R188,0.0,0.0,51.7,0.0,0,0,0.2799027777777778,30.1,3,1.0,accessibility,0.358,3.0,0,1.6666666666666667,0.6666666666666666
R189,0.0,0.0,51.7,0.0,0,0,0.29179166666666667,30.1,2,1.0,comfort,0.3729,4.0,1,1.75,0.6666666666666666
R190,0.0,0.0,65.8,0.0,0,0,0.19309523809523807,30.1,2,4.0,punctuality,0.3877,4.0,1,0.38095238095238093,0.19047619047619047
R191,0.0,0.0,77.2,0.0,0,0,0.20661538461538462,30.1,3,4.0,accessibility,0.369,3.0,0,0.5769230769230769,0.2692307692307692
R192,0.0,0.0,189.0,0.0,0,0,0.1495289855072463,30.1,3,5.0,comfort,0.3776,2.0,0,0.8695652173913043,0.43478260869565216
R193,0.0,0.0,189.0,0.0,0,0,0.18109333333333333,30.1,2,6.0,punctuality,0.3895,3.0,0,0.96,0.44
R194,0.0,0.0,189.0,0.0,0,0,0.21518421052631578,30.1,2,6.0,accessibility,0.3844,2.0,0,1.6842105263157894,0.631578947368421
R195,0.0,0.0,189.0,0.0,0,0,0.21944999999999998,30.1,2,6.0,comfort,0.3837,3.0,0,1.6,0.6
R196,0.0,0.0,42.5,0.0,0,0,0.3384583333333333,30.1,1,0.0,punctuality,0.3826,4.0,1,1.25,0.5
R197,0.0,0.0,42.5,0.0,0,0,0.36383333333333334,30.1,2,0.0,accessibility,0.3621,4.0,1,1.6,0.6
R198,0.0,0.0,51.7,0.0,0,0,0.31340942028985513,30.1,6,3.0,comfort,0.303,2.0,0,1.4782608695652173,0.6086956521739131
R199,0.0,0.0,76.8,0.0,0,0,0.31303260869565225,30.1,6,3.0,punctuality,0.303,2.0,0,1.4782608695652173,0.6086956521739131
R200,0.0,0.0,42.5,0.0,0,0,0.29754166666666665,30.1,4,2.0,accessibility,0.3387,3.0,0,1.3125,0.5
R201,0.0,0.0,42.5,0.0,0,0,0.268375,30.1,2,2.0,comfort,0.3764,3.0,0,1.625,0.5625
R202,0.0,0.0,213.0,0.0,0,0,0.30116666666666664,30.1,3,3.0,punctuality,0.3548,1.0,0,1.3333333333333333,0.6111111111111112
R203,0.0,0.0,213.0,0.0,0,0,0.28225,30.1,3,3.0,accessibility,0.3577,1.0,0,1.2222222222222223,0.5555555555555556
R204,0.0,0.0,126.5,0.0,0,0,0.2007083333333333,30.0,1,5.0,comfort,0.4032,3.0,0,1.3125,0.6875
R205,0.0,0.0,126.5,0.0,0,0,0.20657843137254897,30.0,1,5.0,punctuality,0.4023,4.0,1,1.2352941176470589,0.6470588235294118
R206,0.0,0.0,77.2,0.0,0,0,0.2797333333333333,30.1,4,1.0,accessibility,0.3414,2.0,0,1.2,0.5
R207,0.0,0.0,77.2,0.0,0,0,0.2634166666666667,30.1,4,1.0,comfort,0.3438,2.0,0,1.2,0.5
R208,0.0,0.0,51.7,0.0,0,0,0.2271277777777777,30.1,2,1.0,punctuality,0.3826,4.0,1,1.4,0.5333333333333333
R209,0.0,0.0,51.7,0.0,0,0,0.23663888888888884,30.1,3,1.0,accessibility,0.3645,5.0,1,1.4666666666666666,0.5333333333333333
R210,0.0,0.0,42.5,0.0,0,0,0.2865526315789473,30.1,4,2.0,comfort,0.3404,1.0,0,1.2105263157894737,0.47368421052631576
R211,0.0,0.0,42.5,0.0,0,0,0.2619912280701754,30.1,2,2.0,punctuality,0.3774,3.0,0,1.4736842105263157,0.5263157894736842
R212,0.0,0.0,213.0,0.0,0,0,0.28457142857142853,30.1,0,3.0,accessibility,0.4073,1.0,0,1.0,0.42857142857142855
R213,0.0,0.0,213.0,0.0,0,0,0.28825555555555554,30.1,3,3.0,comfort,0.3568,2.0,0,1.0666666666666667,0.4666666666666667
R214,0.0,0.0,86.5,0.0,0,0,0.3040530303030303,30.1,4,5.0,punctuality,0.3377,3.0,0,1.4545454545454546,0.6818181818181818
R215,0.0,0.0,86.5,0.0,0,0,0.3056086956521739,30.1,6,5.0,accessibility,0.3042,1.0,0,1.4782608695652173,0.6956521739130435
R216,0.0,0.0,77.2,0.0,0,0,0.30013636363636365,30.1,3,1.0,comfort,0.355,4.0,1,1.2727272727272727,0.5454545454545454
R217,0.0,0.0,77.2,0.0,0,0,0.2882222222222222,30.1,5,1.0,punctuality,0.3234,2.0,0,1.0,0.4166666666666667
R218,0.0,0.0,42.5,0.0,0,0,0.21687037037037038,30.1,2,1.0,accessibility,0.3841,3.0,0,0.6666666666666666,0.2222222222222222
R219,0.0,0.0,42.5,0.0,0,0,0.3454814814814815,30.1,4,1.0,comfort,0.3315,3.0,0,1.4444444444444444,0.5555555555555556
R220,0.0,0.0,42.5,0.0,0,0,0.35626923076923084,30.1,4,2.0,punctuality,0.3299,3.0,0,1.6153846153846154,0.6153846153846154
R221,0.0,0.0,42.5,0.0,0,0,0.3495595238095239,30.1,3,2.0,accessibility,0.3476,1.0,0,1.5,0.5714285714285714
R222,0.0,0.0,213.0,0.0,0,0,0.29040151515151513,30.1,4,3.0,comfort,0.3398,2.0,0,0.9545454545454546,0.4090909090909091
R223,0.0,0.0,213.0,0.0,0,0,0.30215909090909093,30.1,3,3.0,punctuality,0.3547,3.0,0,1.1818181818181819,0.5
R224,0.0,0.0,189.0,0.0,0,0,0.20736666666666662,30.1,2,8.0,accessibility,0.3856,1.5,0,1.7,0.7
R225,0.0,0.0,189.0,0.0,0,0,0.21180158730158727,30.1,2,8.0,comfort,0.3849,4.0,1,1.619047619047619,0.6666666666666666
R226,0.0,0.0,65.8,0.0,0,0,0.19184259259259256,30.1,1,4.0,punctuality,0.4046,5.0,1,0.7222222222222222,0.2777777777777778
R227,0.0,0.0,77.2,0.0,0,0,0.21200877192982456,30.1,2,4.0,accessibility,0.3849,3.0,0,1.0,0.42105263157894735
R228,0.0,0.0,91.8,0.0,0,0,0.3223333333333333,30.1,4,1.0,comfort,0.335,1.0,0,1.6666666666666667,0.6666666666666666
R229,0.0,0.0,91.8,0.0,0,0,0.3079444444444444,30.1,3,1.0,punctuality,0.3538,3.0,0,1.1666666666666667,0.5
R230,0.0,0.0,118.0,0.0,0,0,0.12506666666666663,27.1,1,3.0,accessibility,0.4146,4.0,1,0.7,0.5
R231,0.0,0.0,118.0,0.0,0,0,0.11736363636363632,27.1,1,3.0,comfort,0.4157,5.0,1,0.6363636363636364,0.45454545454545453
R232,0.0,0.0,44.8,0.0,0,0,0.31422916666666667,30.1,3,5.0,punctuality,0.3529,1.0,0,1.1875,0.5
R233,0.0,0.0,44.8,0.0,0,0,0.32209375,30.1,3,5.0,accessibility,0.3517,1.0,0,1.125,0.5
R234,0.0,0.0,77.2,0.0,0,0,0.27081666666666665,30.1,2,1.0,comfort,0.376,2.0,0,1.3,0.5
R235,0.0,0.0,77.2,0.0,0,0,0.2545,30.1,3,1.0,punctuality,0.3618,2.0,0,1.3,0.5
R236,0.0,0.0,76.8,0.0,0,0,0.22224166666666667,30.1,2,1.0,accessibility,0.3833,3.0,0,0.8,0.3
R237,0.0,0.0,76.8,0.0,0,0,0.22740151515151516,30.1,2,1.0,comfort,0.3826,3.0,0,0.7272727272727273,0.2727272727272727
R238,0.0,0.0,122.0,0.0,0,0,0.15241228070175436,27.1,1,4.0,punctuality,0.4105,5.0,1,0.6842105263157895,0.3684210526315789
R239,0.0,0.0,126.5,0.0,0,0,0.18784374999999998,30.1,3,6.0,accessibility,0.3718,3.0,0,1.0,0.4166666666666667
R240,0.0,0.0,42.5,0.0,0,0,0.27158333333333334,27.9,0,2.0,comfort,0.4093,2.0,0,0.6,0.2
R241,0.0,0.0,122.0,0.0,0,0,0.149,27.1,0,3.0,punctuality,0.4276,5.0,1,0.8636363636363636,0.5
R242,0.0,0.0,77.2,0.0,0,0,0.3412380952380953,30.1,4,1.0,accessibility,0.3321,2.0,0,1.9285714285714286,0.7857142857142857
R243,0.0,0.0,42.5,0.0,0,0,0.3054222222222222,30.1,5,1.0,comfort,0.3209,2.0,0,1.4,0.5333333333333333
R244,0.0,0.0,42.5,0.0,0,0,0.20388095238095236,27.9,0,1.0,punctuality,0.4194,5.0,1,0.7142857142857143,0.2857142857142857
R245,0.0,0.0,42.5,0.0,0,0,0.18643749999999998,30.0,0,2.0,accessibility,0.422,5.0,1,1.0,0.375
R246,0.0,0.0,42.5,0.0,0,0,0.29851851851851846,30.0,1,1.0,comfort,0.3886,5.0,1,0.8888888888888888,0.3333333333333333
R247,0.0,0.0,94.8,0.0,0,0,0.31124242424242426,30.1,2,3.0,punctuality,0.37,2.0,0,1.4545454545454546,0.5909090909090909
R248,0.0,0.0,94.8,0.0,0,0,0.29948484848484846,30.1,2,3.0,accessibility,0.3717,3.0,0,1.2272727272727273,0.5
R249,0.0,0.0,53.5,0.0,0,0,0.3148695652173913,30.1,4,4.0,comfort,0.3361,1.0,0,1.434782608695652,0.5652173913043478
R250,0.0,0.0,42.5,0.0,0,0,0.30362318840579705,30.1,4,4.0,punctuality,0.3378,3.0,0,1.2173913043478262,0.4782608695652174
R251,0.0,0.0,189.0,0.0,0,0,0.21681481481481477,30.1,1,7.0,accessibility,0.4008,4.0,1,1.6666666666666667,0.6666666666666666
R252,0.0,0.0,189.0,0.0,0,0,0.2250877192982456,30.1,3,7.0,comfort,0.3662,2.0,0,1.5789473684210527,0.631578947368421
R253,0.0,0.0,95.0,0.0,0,0,0.24256666666666665,30.1,4,1.0,punctuality,0.3469,1.0,0,1.4,0.5333333333333333
R254,0.0,0.0,95.0,0.0,0,0,0.23766666666666666,30.0,1,1.0,accessibility,0.3977,4.0,1,1.4,0.5333333333333333
R255,0.0,0.0,51.7,0.0,0,0,0.2386574074074074,30.1,3,2.0,comfort,0.3642,3.0,0,1.6111111111111112,0.6666666666666666
R256,0.0,0.0,77.2,0.0,0,0,0.2329537037037037,30.1,2,2.0,punctuality,0.3817,3.0,0,1.4444444444444444,0.6111111111111112
R257,0.0,0.0,126.5,0.0,0,0,0.2357733333333333,30.0,1,5.0,accessibility,0.398,3.0,0,1.32,0.56
R258,0.0,0.0,126.5,0.0,0,0,0.23871333333333328,30.1,4,5.0,comfort,0.3475,2.0,0,1.32,0.56
R259,0.0,0.0,118.0,0.0,0,0,0.14013333333333333,30.1,1,2.0,punctuality,0.4123,4.0,1,1.3,0.6
R260,0.0,0.0,42.5,0.0,0,0,0.3915,30.1,1,1.0,accessibility,0.3746,4.0,1,1.8571428571428572,0.7142857142857143
R261,0.0,2.0,53.5,1.0,0,0,0.4284523809523809,30.1,2,1.0,comfort,0.6191,3.0,0,2.5714285714285716,1.0
R262,0.0,0.0,42.5,0.0,0,0,0.2297619047619047,30.1,2,1.0,punctuality,0.3822,1.0,0,2.142857142857143,0.7142857142857143
R263,0.0,0.0,42.5,0.0,0,0,0.2307857142857142,30.1,3,1.0,accessibility,0.3654,1.0,0,2.0,0.7142857142857143
R264,0.0,0.0,118.0,0.0,0,0,0.194765625,30.1,3,2.0,comfort,0.3708,2.0,0,1.4375,0.625
R265,0.0,0.0,42.5,0.0,0,0,0.19097058823529411,30.1,1,2.0,punctuality,0.4047,4.0,1,0.9411764705882353,0.4117647058823529
R266,0.0,0.0,42.5,0.0,0,0,0.31749999999999995,30.1,2,3.0,accessibility,0.369,5.0,1,1.1538461538461537,0.46153846153846156
R267,0.0,0.0,42.5,0.0,0,0,0.31909523809523804,30.1,4,3.0,comfort,0.3355,1.0,0,1.2142857142857142,0.5
R268,0.0,0.0,126.5,0.0,0,0,0.19821428571428565,30.1,4,4.0,punctuality,0.3536,3.0,0,1.5714285714285714,0.5714285714285714
R269,0.0,0.0,126.5,0.0,0,0,0.1947142857142857,30.0,1,4.0,accessibility,0.4041,2.0,0,1.5714285714285714,0.5714285714285714
R270,0.0,0.0,77.2,0.0,0,0,0.27702777777777776,30.1,2,1.0,comfort,0.3751,3.5,1,1.6666666666666667,0.6666666666666666
R271,0.0,0.0,77.2,0.0,0,0,0.2844871794871795,30.1,3,1.0,punctuality,0.3573,3.5,1,1.5384615384615385,0.6153846153846154
R272,0.0,0.0,95.0,0.0,0,0,0.20905555555555552,30.1,1,1.0,accessibility,0.402,3.0,0,0.8333333333333334,0.3888888888888889
R273,0.0,0.0,95.0,0.0,0,0,0.2003157894736842,30.1,1,1.0,comfort,0.4033,3.0,0,0.7894736842105263,0.3684210526315789
R274,0.0,0.0,53.5,0.0,0,0,0.3798205128205128,30.1,2,2.0,punctuality,0.3597,3.0,0,1.8461538461538463,0.6923076923076923
R275,0.0,0.0,42.5,0.0,0,0,0.35992307692307696,30.1,2,2.0,accessibility,0.3627,1.0,0,1.4615384615384615,0.5384615384615384
R276,0.0,0.0,42.5,0.0,0,0,0.2622272727272727,30.1,1,2.0,comfort,0.394,3.0,0,1.0909090909090908,0.5454545454545454
R277,0.0,0.0,42.5,0.0,0,0,0.2818690476190476,30.1,2,2.0,punctuality,0.3744,4.0,1,1.2142857142857142,0.5714285714285714
R278,0.0,0.0,189.0,0.0,0,0,0.22802272727272727,30.1,4,8.0,accessibility,0.3491,1.0,0,1.5909090909090908,0.5909090909090909
R279,0.0,0.0,189.0,0.0,0,0,0.22468181818181818,30.0,1,8.0,comfort,0.3996,2.0,0,1.5909090909090908,0.5909090909090909
R280,0.0,0.0,42.5,0.0,0,0,0.3431190476190476,30.1,2,1.0,punctuality,0.3652,4.0,1,1.7142857142857142,0.7142857142857143
R281,0.0,0.0,42.5,0.0,0,0,0.3291481481481482,30.1,2,1.0,accessibility,0.3673,1.0,0,1.7777777777777777,0.7777777777777778
R282,0.0,0.0,77.2,0.0,0,0,0.2513076923076923,30.0,2,1.0,comfort,0.379,4.0,1,1.2307692307692308,0.5384615384615384
R283,0.0,0.0,42.5,0.0,0,0,0.25647619047619047,30.0,2,1.0,punctuality,0.3782,4.0,1,1.0714285714285714,0.42857142857142855
R284,0.0,0.0,77.2,0.0,0,0,0.24255263157894733,30.1,3,2.0,accessibility,0.3636,3.0,0,1.263157894736842,0.47368421052631576
R285,0.0,0.0,77.2,0.0,0,0,0.25380833333333336,30.1,2,2.0,comfort,0.3786,5.0,1,1.25,0.5
R286,0.0,0.0,213.0,0.0,0,0,0.2849999999999999,30.1,2,3.0,punctuality,0.3739,3.0,0,0.9411764705882353,0.4117647058823529
R287,0.0,0.0,213.0,0.0,0,0,0.2947450980392156,30.1,3,3.0,accessibility,0.3558,3.0,0,1.2352941176470589,0.5294117647058824
R288,0.0,0.0,189.0,0.0,0,0,0.18313095238095237,30.0,2,7.0,comfort,0.3892,3.0,0,0.9642857142857143,0.42857142857142855
R289,0.0,0.0,189.0,0.0,0,0,0.1871781609195402,30.0,2,7.0,punctuality,0.3886,4.0,1,0.9310344827586207,0.41379310344827586
R290,0.0,0.0,77.2,0.0,0,0,0.3076,30.1,2,0.0,accessibility,0.3705,1.0,0,2.0,0.8
R291,0.0,0.0,77.2,0.0,0,0,0.3003571428571429,30.1,2,0.0,comfort,0.3716,3.0,0,1.8571428571428572,0.7142857142857143
R292,0.0,0.0,126.5,0.0,0,0,0.1643833333333333,27.1,1,3.0,punctuality,0.4087,5.0,1,1.1,0.6
R293,0.0,0.0,126.5,0.0,0,0,0.1767575757575757,27.1,1,3.0,accessibility,0.4068,5.0,1,1.0,0.5454545454545454
R294,0.0,0.0,91.8,0.0,0,0,0.2505909090909091,30.0,3,3.0,comfort,0.3624,1.5,0,1.6363636363636365,0.6363636363636364
R295,0.0,0.0,91.8,0.0,0,0,0.2747222222222222,30.0,3,2.0,punctuality,0.3588,2.0,0,1.25,0.5
R296,0.0,0.0,125.0,0.0,0,0,0.2872692307692307,30.1,4,3.0,accessibility,0.3402,1.0,0,1.2692307692307692,0.5769230769230769
R297,0.0,0.0,125.0,0.0,0,0,0.28861728395061725,30.1,3,3.0,comfort,0.3567,3.0,0,1.1851851851851851,0.5185185185185185
R298,0.0,0.0,189.0,0.0,0,0,0.20210833333333328,30.1,4,8.0,punctuality,0.353,2.0,0,1.6,0.6
R299,0.0,0.0,189.0,0.0,0,0,0.1984333333333333,30.0,1,8.0,accessibility,0.4036,1.0,0,1.6,0.6
R300,0.0,0.0,126.5,0.0,0,0,0.23307692307692301,30.1,3,4.0,comfort,0.365,3.0,0,1.3076923076923077,0.5384615384615384
R301,0.0,0.0,126.5,0.0,0,0,0.220525641025641,30.1,3,4.0,punctuality,0.3669,3.0,0,1.3076923076923077,0.5384615384615384
R302,0.0,0.0,86.5,0.0,0,0,0.3033550724637681,30.1,4,5.0,accessibility,0.3378,1.0,0,1.391304347826087,0.6521739130434783
R303,0.0,0.0,86.5,0.0,0,0,0.30420138888888887,30.1,3,5.0,comfort,0.3544,4.0,1,1.2916666666666667,0.5833333333333334
R304,0.0,0.0,53.5,0.0,0,0,0.2860888888888889,30.1,3,2.0,punctuality,0.3571,3.0,0,1.3333333333333333,0.5333333333333333
R305,0.0,0.0,53.5,0.0,0,0,0.2972916666666667,30.1,3,2.0,accessibility,0.3554,3.0,0,1.4375,0.5625
R306,0.0,0.0,91.8,0.0,0,0,0.24607575757575753,30.1,3,3.0,comfort,0.3631,3.0,0,1.8181818181818181,0.7272727272727273
R307,0.0,0.0,91.8,0.0,0,0,0.2506111111111111,30.1,3,3.0,punctuality,0.3624,3.0,0,1.6666666666666667,0.6666666666666666
R308,0.0,0.0,126.5,0.0,0,0,0.23928666666666662,30.0,1,5.0,accessibility,0.3974,3.0,0,1.2,0.48
R309,0.0,0.0,126.5,0.0,0,0,0.24222666666666665,30.1,4,5.0,comfort,0.347,3.0,0,1.2,0.48
R310,0.0,0.0,118.0,0.0,0,0,0.19877430555555553,30.0,2,5.0,punctuality,0.3869,2.0,0,1.434782608695652,0.6086956521739131
R311,0.0,0.0,118.0,0.0,0,0,0.18458680555555554,30.0,3,5.0,accessibility,0.3723,2.0,0,1.3478260869565217,0.5652173913043478
R312,0.0,0.0,42.5,0.0,0,0,0.22455555555555554,30.1,1,1.0,comfort,0.3996,5.0,1,0.5555555555555556,0.2222222222222222
R313,0.0,0.0,42.5,0.0,0,0,0.2064,30.1,2,1.0,punctuality,0.3857,4.0,1,0.5,0.2
R314,0.0,0.0,91.8,0.0,0,0,0.24067777777777774,30.1,4,2.0,accessibility,0.3472,2.0,0,1.5333333333333334,0.6
R315,0.0,0.0,91.8,0.0,0,0,0.23429999999999992,30.1,4,2.0,comfort,0.3482,1.0,0,1.5333333333333334,0.6
R316,0.0,0.0,213.0,0.0,0,0,0.2615659722222222,30.1,4,3.0,punctuality,0.3441,2.0,0,1.25,0.5416666666666666
R317,0.0,0.0,213.0,0.0,0,0,0.24737847222222223,30.1,5,3.0,accessibility,0.3296,2.0,0,1.1666666666666667,0.5
R318,0.0,0.0,126.5,0.0,0,0,0.24235555555555552,30.1,3,4.0,comfort,0.3636,4.0,1,1.3333333333333333,0.5333333333333333
R319,0.0,0.0,126.5,0.0,0,0,0.23659999999999998,30.1,3,4.0,punctuality,0.3645,4.0,1,1.1333333333333333,0.4666666666666667
R320,0.0,0.0,42.5,0.0,0,0,0.25833333333333336,30.0,1,0.0,accessibility,0.3946,4.0,1,0.4,0.2
R321,0.0,0.0,42.5,0.0,0,0,0.2508888888888889,30.0,2,0.0,comfort,0.379,3.0,0,0.3333333333333333,0.16666666666666666
R322,0.0,0.0,118.0,0.0,0,0,0.2381071428571429,30.1,2,3.0,punctuality,0.381,2.0,0,1.1904761904761905,0.47619047619047616
R323,0.0,0.0,118.0,0.0,0,0,0.24490079365079373,30.1,3,3.0,accessibility,0.3633,2.0,0,1.2380952380952381,0.47619047619047616
R324,0.0,0.0,67.5,0.0,0,0,0.12826666666666664,30.1,0,2.0,comfort,0.4308,5.0,1,0.5,0.2
R325,0.0,0.0,118.0,0.0,0,0,0.17715909090909088,30.1,3,2.0,punctuality,0.3734,3.0,0,1.0909090909090908,0.45454545454545453
R326,0.0,0.0,42.5,0.0,0,0,0.3392179487179487,30.1,3,3.0,accessibility,0.3491,4.0,1,1.0,0.38461538461538464
R327,0.0,0.0,42.5,0.0,0,0,0.3392619047619047,30.1,5,3.0,comfort,0.3158,4.0,1,1.0714285714285714,0.42857142857142855
R328,0.0,0.0,126.5,0.0,0,0,0.17273333333333327,27.1,1,1.0,punctuality,0.4074,5.0,1,1.1,0.5
R329,0.0,0.0,42.5,0.0,0,0,0.32530952380952377,30.1,3,4.0,accessibility,0.3512,4.0,1,1.0714285714285714,0.42857142857142855
R330,0.0,0.0,42.5,0.0,0,0,0.3211111111111112,30.1,2,4.0,comfort,0.3685,1.0,0,1.0,0.4
R331,0.0,0.0,42.5,0.0,0,0,0.14214285714285713,30.0,2,1.0,punctuality,0.3953,3.0,0,2.0,0.7142857142857143
R332,0.0,0.0,42.5,0.0,0,0,0.2819074074074074,30.1,4,1.0,accessibility,0.341,3.0,0,2.3333333333333335,0.7777777777777778
R333,0.0,0.0,42.5,0.0,0,0,0.3534561403508772,30.1,6,4.0,comfort,0.297,3.0,0,1.3157894736842106,0.5263157894736842
R334,0.0,0.0,53.5,0.0,0,0,0.3670701754385965,30.1,5,4.0,punctuality,0.3116,3.0,0,1.5789473684210527,0.631578947368421
R335,0.0,0.0,220.0,0.0,0,0,0.23689516129032256,30.1,3,5.0,accessibility,0.3645,2.0,0,1.2258064516129032,0.6129032258064516
R336,0.0,0.0,220.0,0.0,0,0,0.2259112903225806,30.1,4,5.0,comfort,0.3494,2.0,0,1.1612903225806452,0.5806451612903226
R337,0.0,0.0,53.5,0.0,0,0,0.3231969696969697,30.1,2,5.0,punctuality,0.3682,2.5,0,1.2272727272727273,0.5454545454545454
R338,0.0,0.0,42.5,0.0,0,0,0.31143939393939396,30.1,2,5.0,accessibility,0.37,2.0,0,1.0,0.45454545454545453
R339,0.0,0.0,77.2,0.0,0,0,0.2655666666666666,30.1,1,1.0,comfort,0.3935,3.0,0,1.2666666666666666,0.5333333333333333
R340,0.0,0.0,42.5,0.0,0,0,0.25046874999999996,30.1,4,1.0,punctuality,0.3458,1.0,0,1.25,0.5
R341,0.0,0.0,77.2,0.0,0,0,0.3297857142857143,30.1,5,1.0,accessibility,0.3172,2.0,0,1.7142857142857142,0.7142857142857143
R342,0.0,0.0,77.2,0.0,0,0,0.306,30.1,2,1.0,comfort,0.3708,3.0,0,1.6428571428571428,0.7142857142857143
R343,0.0,0.0,94.8,0.0,0,0,0.2781228070175439,30.0,2,3.0,punctuality,0.3749,3.0,0,1.3157894736842106,0.5263157894736842
R344,0.0,0.0,94.8,0.0,0,0,0.2819912280701754,30.1,5,3.0,accessibility,0.3244,3.0,0,1.3157894736842106,0.5263157894736842
R345,0.0,0.0,95.0,0.0,0,0,0.19881666666666667,30.0,3,4.0,comfort,0.3702,2.0,0,1.35,0.55
R346,0.0,0.0,95.0,0.0,0,0,0.20365873015873015,30.0,3,4.0,punctuality,0.3695,2.5,0,1.2857142857142858,0.5238095238095238
R347,0.0,0.0,77.2,0.0,0,0,0.23027499999999995,30.1,2,4.0,accessibility,0.3821,4.0,1,0.8,0.35
R348,0.0,0.0,65.8,0.0,0,0,0.22998412698412693,30.1,3,4.0,comfort,0.3655,4.0,1,0.9047619047619048,0.38095238095238093
R349,0.0,0.0,51.7,0.0,0,0,0.2489047619047619,30.0,3,1.0,punctuality,0.3627,3.0,0,1.4285714285714286,0.6428571428571429
R350,0.0,0.0,51.7,0.0,0,0,0.22458333333333333,30.0,2,1.0,accessibility,0.383,5.0,1,1.2857142857142858,0.5714285714285714
R351,0.0,0.0,42.5,0.0,0,0,0.30223333333333335,30.0,1,2.0,comfort,0.388,2.0,0,1.2,0.4
R352,0.0,0.0,42.5,0.0,0,0,0.29684848484848486,30.0,1,2.0,punctuality,0.3888,3.0,0,1.0909090909090908,0.36363636363636365
R353,0.0,0.0,91.8,0.0,0,0,0.2502333333333333,30.0,1,3.0,accessibility,0.3958,2.0,0,2.1,0.8
R354,0.0,0.0,91.8,0.0,0,0,0.25480303030303025,30.0,1,3.0,comfort,0.3951,4.0,1,1.9090909090909092,0.7272727272727273
R355,0.0,0.0,118.0,0.0,0,0,0.2442959770114943,30.1,3,5.0,punctuality,0.3634,3.0,0,1.2413793103448276,0.5862068965517241
R356,0.0,0.0,118.0,0.0,0,0,0.23255459770114945,30.1,4,5.0,accessibility,0.3485,1.0,0,1.1724137931034482,0.5517241379310345
R357,0.0,0.0,77.2,0.0,0,0,0.28178571428571425,30.0,2,1.0,comfort,0.3744,3.0,0,0.8571428571428571,0.42857142857142855
R358,0.0,0.0,42.0,0.0,0,0,0.2870208333333333,30.0,0,1.0,punctuality,0.4069,5.0,1,0.625,0.25
R359,0.0,0.0,91.8,0.0,0,0,0.13974999999999999,25.9,1,2.0,accessibility,0.4124,4.0,1,1.5,0.75
R360,0.0,0.0,91.8,0.0,0,0,0.17891666666666664,25.9,1,2.0,comfort,0.4065,5.0,1,1.0,0.5
R361,0.0,0.0,65.8,0.0,0,0,0.19664197530864194,30.1,3,4.0,punctuality,0.3705,4.0,1,0.5925925925925926,0.25925925925925924
R362,0.0,0.0,65.8,0.0,0,0,0.19424999999999998,30.1,3,4.0,accessibility,0.3709,2.0,0,0.75,0.2857142857142857
R363,0.0,0.0,118.0,0.0,0,0,0.258154761904762,30.1,5,5.0,comfort,0.3279,2.5,0,1.3142857142857143,0.5428571428571428
R364,0.0,0.0,118.0,0.0,0,0,0.2484261904761905,30.1,6,5.0,punctuality,0.3127,2.0,0,1.2571428571428571,0.5142857142857142
R365,0.0,0.0,42.5,0.0,0,0,0.1936190476190476,30.1,4,0.0,accessibility,0.3543,1.0,0,1.4285714285714286,0.5714285714285714
R366,0.0,0.0,42.5,0.0,0,0,0.2626428571428571,30.1,3,0.0,comfort,0.3606,3.0,0,1.8571428571428572,0.7142857142857143
R367,0.0,0.0,118.0,0.0,0,0,0.245814393939394,30.1,3,3.0,punctuality,0.3631,2.0,0,1.4090909090909092,0.5909090909090909
R368,0.0,0.0,118.0,0.0,0,0,0.23033712121212124,30.1,4,3.0,accessibility,0.3488,2.0,0,1.3181818181818181,0.5454545454545454
R369,0.0,0.0,77.2,0.0,0,0,0.25145833333333334,30.1,1,2.0,comfort,0.3956,3.0,0,1.1875,0.5
R370,0.0,0.0,42.5,0.0,0,0,0.23807843137254903,30.1,4,2.0,punctuality,0.3476,1.0,0,1.1764705882352942,0.47058823529411764
R371,0.0,0.0,42.5,0.0,0,0,0.25538888888888883,30.1,3,3.0,accessibility,0.3617,3.0,0,1.0416666666666667,0.4583333333333333
R372,0.0,0.0,42.5,0.0,0,0,0.2587666666666666,30.1,5,3.0,comfort,0.3279,3.0,0,1.08,0.48
R373,0.0,0.0,118.0,0.0,0,0,0.21695833333333334,30.1,4,4.0,punctuality,0.3508,2.0,0,1.1666666666666667,0.4666666666666667
R374,0.0,0.0,118.0,0.0,0,0,0.22038055555555552,30.1,2,4.0,accessibility,0.3836,2.0,0,1.2666666666666666,0.5
R375,0.0,0.0,42.5,0.0,0,0,0.23691666666666666,30.1,0,1.0,comfort,0.4145,3.0,0,1.5,0.5
R376,0.0,0.0,42.5,0.0,0,0,0.24191666666666664,30.1,3,1.0,punctuality,0.3637,1.0,0,1.5,0.5
R377,0.0,0.0,77.2,0.0,0,0,0.23891666666666667,30.1,2,1.0,accessibility,0.3808,2.0,0,1.6,0.6
R378,0.0,0.0,77.2,0.0,0,0,0.23843939393939395,30.1,2,1.0,comfort,0.3809,3.0,0,1.4545454545454546,0.5454545454545454
R379,0.0,0.0,118.0,0.0,0,0,0.21667105263157893,30.0,3,2.0,punctuality,0.3675,4.0,1,1.0526315789473684,0.42105263157894735
R380,0.0,0.0,118.0,0.0,0,0,0.21857916666666663,30.0,4,2.0,accessibility,0.3505,3.0,0,1.0,0.4
R381,0.0,0.0,94.8,0.0,0,0,0.2913589743589743,30.0,0,3.0,comfort,0.4063,1.0,0,1.2307692307692308,0.46153846153846156
R382,0.0,0.0,94.8,0.0,0,0,0.28790476190476183,30.0,0,3.0,punctuality,0.4068,3.0,0,1.1428571428571428,0.42857142857142855
R383,0.0,0.0,86.5,0.0,0,0,0.28874999999999995,30.1,2,4.0,accessibility,0.3734,1.0,0,0.875,0.5
R384,0.0,0.0,86.5,0.0,0,0,0.2990350877192982,30.1,1,4.0,comfort,0.3885,4.0,1,1.0,0.5263157894736842
R385,0.0,0.0,42.5,0.0,0,0,0.3298333333333333,30.0,1,0.0,punctuality,0.3839,4.0,1,1.75,0.75
R386,0.0,0.0,42.5,0.0,0,0,0.3386666666666666,30.0,2,0.0,accessibility,0.3659,1.0,0,1.4,0.6
R387,0.0,0.0,77.2,0.0,0,0,0.2562307692307692,30.1,5,1.0,comfort,0.3282,4.0,1,1.3846153846153846,0.5384615384615384
R388,0.0,0.0,77.2,0.0,0,0,0.2505769230769231,30.0,2,1.0,punctuality,0.3791,4.0,1,1.3846153846153846,0.5384615384615384
R389,0.0,0.0,42.5,0.0,0,0,0.29326041666666663,30.1,2,2.0,accessibility,0.3727,2.0,0,1.3125,0.5
R390,0.0,0.0,42.5,0.0,0,0,0.296,30.1,4,2.0,comfort,0.3389,2.0,0,1.3529411764705883,0.5294117647058824
R391,0.0,0.0,42.5,0.0,0,0,0.3035595238095238,30.1,2,5.0,punctuality,0.3711,4.0,1,1.2857142857142858,0.6428571428571429
R392,0.0,0.0,42.5,0.0,0,0,0.30597777777777774,30.1,4,5.0,accessibility,0.3374,1.0,0,1.3333333333333333,0.6666666666666666
R393,0.0,0.0,126.5,0.0,0,0,0.23073958333333333,30.1,3,5.0,comfort,0.3654,3.0,0,1.3125,0.5625
R394,0.0,0.0,126.5,0.0,0,0,0.22314583333333332,30.1,4,5.0,punctuality,0.3499,1.0,0,1.3125,0.5625
R395,0.0,0.0,91.8,0.0,0,0,0.1849097222222222,30.1,4,3.0,accessibility,0.3556,1.0,0,1.5833333333333333,0.6666666666666666
R396,0.0,0.0,91.8,0.0,0,0,0.19214743589743588,30.1,3,3.0,comfort,0.3712,2.5,0,1.4615384615384615,0.6153846153846154
R397,0.0,0.0,126.5,0.0,0,0,0.23771296296296296,30.0,2,4.0,punctuality,0.381,3.0,0,1.6111111111111112,0.6666666666666666
R398,0.0,0.0,126.5,0.0,0,0,0.24101754385964913,30.0,2,4.0,accessibility,0.3805,3.0,0,1.5263157894736843,0.631578947368421
R399,0.0,0.0,118.0,0.0,0,0,0.19211979166666665,27.1,1,3.0,comfort,0.4045,3.0,0,1.0625,0.5
R400,0.0,0.0,118.0,0.0,0,0,0.18319117647058822,27.1,3,3.0,punctuality,0.3725,2.0,0,1.0,0.47058823529411764
